x,y
5.97104,-2.2773
5.97104,-2.2773
5.97104,-2.2773
5.97104,-2.2773
5.97104,-2.2773
5.97104,-2.2773
5.97104,-2.2773
5.97104,-2.2773
5.97104,-2.2773
5.97104,-2.2773
5.97104,-2.2773
5.97104,-2.2773
5.97104,-2.2773
5.97104,-2.2773
5.97104,-2.2773
5.97104,-2.2773
5.97104,-2.2773
5.97104,-2.2773
5.97104,-2.2773
5.97104,-2.2773
5.97104,-2.2773
5.97104,-2.2773
5.97104,-2.2773
5.97104,-2.2773
5.97104,-2.2773
5.97104,-2.2773
5.97104,-2.2773
5.97104,-2.2773
5.97104,-2.2773
5.97104,-2.2773
5.97104,-2.2773
5.97104,-2.2773
5.97104,-2.2773
5.97104,-2.2773
5.97104,-2.2773
5.97104,-2.2773
5.97104,-2.2773
5.97104,-2.2773
5.97104,-2.2773
5.97104,-2.2773
5.97104,-2.2773
5.97104,-2.2773
5.97104,-2.2773
5.97104,-2.2773
5.97104,-2.2773
5.97104,-2.2773
5.97104,-2.2773
5.97104,-2.2773
5.97104,-2.2773
5.97104,-2.2773
5.97104,-2.2773
5.97104,-2.2773
5.97104,-2.2773
5.97104,-2.2773
5.97104,-2.2773
5.97104,-2.2773
5.97104,-2.2773
5.97104,-2.2773
5.97104,-2.2773
5.97104,-2.2773
5.97104,-2.2773
5.97104,-2.2773
5.97104,-2.2773
5.97104,-2.2773
5.97104,-2.2773
5.97104,-2.2773
5.97104,-2.2773
5.97104,-2.2773
5.97104,-2.2773
5.97104,-2.2773
5.97104,-2.2773
5.97104,-2.2773
5.97104,-2.2773
5.97104,-2.2773
5.97104,-2.2773
5.97104,-2.2773
5.97104,-2.2773
5.97104,-2.2773
5.97104,-2.2773
5.97104,-2.2773
5.97104,-2.2773
5.97104,-2.2773
5.97104,-2.2773
5.97104,-2.2773
5.97104,-2.2773
5.97104,-2.2773
5.97104,-2.2773
5.97104,-2.2773
5.97104,-2.2773
5.97104,-2.2773
5.97104,-2.2773
5.97104,-2.2773
5.97104,-2.2773
5.97104,-2.2773
5.97104,-2.2773
5.97104,-2.2773
5.97104,-2.2773
5.97104,-2.2773
5.97104,-2.2773
5.97104,-2.2773
5.97104,-2.2773
5.97104,-2.2773
5.97104,-2.2773
5.97104,-2.2773
5.97104,-2.2773
5.97104,-2.2773
5.97104,-2.2773
5.97104,-2.2773
5.97104,-2.2773
5.97104,-2.2773
5.97104,-2.2773
5.97104,-2.2773
5.97104,-2.2773
5.97104,-2.2773
5.97104,-2.2773
5.97104,-2.2773
5.97104,-2.2773
5.97104,-2.2773
5.97104,-2.2773
5.97104,-2.2773
5.97104,-2.2773
5.97104,-2.2773
5.97104,-2.2773
5.97104,-2.2773
5.97104,-2.2773
5.97104,-2.2773
5.97104,-2.2773
5.97104,-2.2773
5.97104,-2.2773
5.97104,-2.2773
5.97104,-2.2773
5.97104,-2.2773
5.97104,-2.2773
5.97104,-2.2773
5.97104,-2.2773
5.97104,-2.2773
5.97104,-2.2773
5.97104,-2.2773
5.97104,-2.2773
5.97104,-2.2773
5.97104,-2.2773
5.97104,-2.2773
5.97104,-2.2773
5.97104,-2.2773
5.97104,-2.2773
5.97104,-2.2773
5.97104,-2.2773
5.97104,-2.2773
5.97104,-2.2773
5.97104,-2.2773
5.97104,-2.2773
5.97104,-2.2773
5.97104,-2.2773
5.97104,-2.2773
5.97104,-2.2773
5.97104,-2.2773
5.97104,-2.2773
5.97104,-2.2773
5.97104,-2.2773
5.97104,-2.2773
5.97104,-2.2773
5.97104,-2.2773
5.97104,-2.2773
5.97104,-2.2773
5.97104,-2.2773
5.97104,-2.2773
5.97104,-2.2773
5.97104,-2.2773
5.97104,-2.2773
5.97104,-2.2773
5.97104,-2.2773
5.97104,-2.2773
5.97104,-2.2773
5.97104,-2.2773
5.97104,-2.2773
5.97104,-2.2773
5.97104,-2.2773
5.97104,-2.2773
5.97104,-2.2773
5.97104,-2.2773
5.97104,-2.2773
5.97104,-2.2773
5.97104,-2.2773
5.97104,-2.2773
5.97104,-2.2773
5.97104,-2.2773
5.97104,-2.2773
5.97104,-2.2773
5.97104,-2.2773
5.97104,-2.2773
5.97104,-2.2773
5.97104,-2.2773
5.97104,-2.2773
5.97104,-2.2773
5.97104,-2.2773
5.97104,-2.2773
5.97104,-2.2773
5.97104,-2.2773
5.97104,-2.2773
5.97104,-2.2773
5.97104,-2.2773
5.97104,-2.2773
5.97104,-2.2773
5.97104,-2.2773
5.97104,-2.2773
5.97104,-2.2773
5.97104,-2.2773
5.97104,-2.2773
5.97104,-2.2773
5.97104,-2.2773
5.97104,-2.2773
5.97104,-2.2773
5.97104,-2.2773
5.97104,-2.2773
5.97104,-2.2773
5.97104,-2.2773
5.97104,-2.2773
5.97104,-2.2773
5.97104,-2.2773
5.97104,-2.2773
5.97104,-2.2773
5.97104,-2.2773
5.97104,-2.2773
5.97104,-2.2773
5.97104,-2.2773
5.97104,-2.2773
5.97104,-2.2773
5.97104,-2.2773
5.97104,-2.2773
5.97104,-2.2773
5.97104,-2.2773
5.97104,-2.2773
5.97104,-2.2773
5.97104,-2.2773
5.97104,-2.2773
5.97104,-2.2773
5.97104,-2.2773
5.97104,-2.2773
5.97104,-2.2773
5.97104,-2.2773
5.97104,-2.2773
5.97104,-2.2773
5.97104,-2.2773
5.97104,-2.2773
5.97104,-2.2773
5.97104,-2.2773
5.97104,-2.2773
5.97104,-2.2773
5.97104,-2.2773
5.97104,-2.2773
5.97104,-2.2773
5.97104,-2.2773
5.97104,-2.2773
5.97104,-2.2773
5.97104,-2.2773
5.97104,-2.2773
5.97104,-2.2773
5.97104,-2.2773
5.97104,-2.2773
5.97104,-2.2773
5.97104,-2.2773
5.97104,-2.2773
5.97104,-2.2773
5.97104,-2.2773
5.97104,-2.2773
5.97104,-2.2773
5.97104,-2.2773
5.97104,-2.2773
5.97104,-2.2773
5.97104,-2.2773
5.97104,-2.2773
5.97104,-2.2773
5.97104,-2.2773
5.97104,-2.2773
5.97104,-2.2773
5.97104,-2.2773
5.97104,-2.2773
5.97104,-2.2773
5.97104,-2.2773
5.97104,-2.2773
5.97104,-2.2773
5.97104,-2.2773
5.97104,-2.2773
5.97104,-2.2773
5.97104,-2.2773
5.97104,-2.2773
5.97104,-2.2773
5.97104,-2.2773
5.97104,-2.2773
5.97104,-2.2773
5.97104,-2.2773
5.97104,-2.2773
5.97104,-2.2773
5.97104,-2.2773
5.97104,-2.2773
5.97104,-2.2773
5.97104,-2.2773
5.97104,-2.2773
5.97104,-2.2773
5.97104,-2.2773
5.97104,-2.2773
5.97104,-2.2773
5.97104,-2.2773
5.97104,-2.2773
5.97104,-2.2773
5.97104,-2.2773
5.97104,-2.2773
5.97104,-2.2773
5.97104,-2.2773
5.97104,-2.2773
5.97104,-2.2773
5.97104,-2.2773
5.97104,-2.2773
5.97104,-2.2773
5.97104,-2.2773
5.97104,-2.2773
5.97104,-2.2773
5.97104,-2.2773
5.97104,-2.2773
5.97104,-2.2773
5.97104,-2.2773
5.97104,-2.2773
5.97104,-2.2773
5.97104,-2.2773
5.97104,-2.2773
5.97104,-2.2773
5.97104,-2.2773
5.97104,-2.2773
5.97104,-2.2773
5.97104,-2.2773
5.97104,-2.2773
5.97104,-2.2773
5.97104,-2.2773
5.97104,-2.2773
5.97104,-2.2773
5.97104,-2.2773
5.97104,-2.2773
5.97104,-2.2773
5.97104,-2.2773
5.97104,-2.2773
5.97104,-2.2773
5.97104,-2.2773
5.97104,-2.2773
5.97104,-2.2773
5.97104,-2.2773
5.97104,-2.2773
5.97104,-2.2773
5.97104,-2.2773
5.97104,-2.2773
5.97104,-2.2773
5.97104,-2.2773
5.97104,-2.2773
5.97104,-2.2773
5.97104,-2.2773
5.97104,-2.2773
5.97104,-2.2773
5.97104,-2.2773
5.97104,-2.2773
5.97104,-2.2773
5.97104,-2.2773
5.97104,-2.2773
5.97104,-2.2773
5.97104,-2.2773
5.97104,-2.2773
5.97104,-2.2773
5.97104,-2.2773
5.97104,-2.2773
5.97104,-2.2773
5.97104,-2.2773
5.97104,-2.2773
5.97104,-2.2773
5.97104,-2.2773
5.97104,-2.2773
5.97104,-2.2773
5.97104,-2.2773
5.97104,-2.2773
5.97104,-2.2773
5.97104,-2.2773
5.97104,-2.2773
5.97104,-2.2773
5.97104,-2.2773
5.97104,-2.2773
5.97104,-2.2773
5.97104,-2.2773
5.97104,-2.2773
5.97104,-2.2773
5.97104,-2.2773
5.97104,-2.2773
5.97104,-2.2773
5.97104,-2.2773
5.97104,-2.2773
5.97104,-2.2773
5.97104,-2.2773
5.97104,-2.2773
5.97104,-2.2773
5.97104,-2.2773
5.97104,-2.2773
5.97104,-2.2773
5.97104,-2.2773
5.97104,-2.2773
5.97104,-2.2773
5.97104,-2.2773
5.97104,-2.2773
5.97104,-2.2773
5.97104,-2.2773
5.97104,-2.2773
5.97104,-2.2773
5.97104,-2.2773
5.97104,-2.2773
5.97104,-2.2773
5.97104,-2.2773
5.97104,-2.2773
5.97104,-2.2773
5.97104,-2.2773
5.97104,-2.2773
5.97104,-2.2773
5.97104,-2.2773
5.97104,-2.2773
5.97104,-2.2773
5.97104,-2.2773
5.97104,-2.2773
5.97104,-2.2773
5.97104,-2.2773
5.97104,-2.2773
5.97104,-2.2773
5.97104,-2.2773
5.97104,-2.2773
5.97104,-2.2773
5.97104,-2.2773
5.97104,-2.2773
5.97104,-2.2773
5.97104,-2.2773
5.97104,-2.2773
5.97104,-2.2773
5.97104,-2.2773
5.97104,-2.2773
5.97104,-2.2773
5.97104,-2.2773
5.97104,-2.2773
5.97104,-2.2773
5.97104,-2.2773
5.97104,-2.2773
5.97104,-2.2773
5.97104,-2.2773
5.97104,-2.2773
5.97104,-2.2773
5.97104,-2.2773
5.97104,-2.2773
5.97104,-2.2773
5.97104,-2.2773
5.97104,-2.2773
5.97104,-2.2773
5.97104,-2.2773
5.97104,-2.2773
5.97104,-2.2773
5.97104,-2.2773
5.97104,-2.2773
5.97104,-2.2773
5.97104,-2.2773
5.97104,-2.2773
5.97104,-2.2773
5.97104,-2.2773
5.97104,-2.2773
5.97104,-2.2773
5.97104,-2.2773
5.97104,-2.2773
5.97104,-2.2773
5.97104,-2.2773
5.97104,-2.2773
5.97104,-2.2773
5.97104,-2.2773
5.97104,-2.2773
5.97104,-2.2773
5.97104,-2.2773
5.97104,-2.2773
5.97104,-2.2773
5.97104,-2.2773
5.97104,-2.2773
5.97104,-2.2773
5.97104,-2.2773
5.97104,-2.2773
5.97104,-2.2773
5.97104,-2.2773
5.97104,-2.2773
5.97104,-2.2773
5.97104,-2.2773
5.97104,-2.2773
5.97104,-2.2773
5.97104,-2.2773
5.97104,-2.2773
5.97104,-2.2773
5.97104,-2.2773
5.97104,-2.2773
5.97104,-2.2773
5.97104,-2.2773
5.97104,-2.2773
5.97104,-2.2773
5.97104,-2.2773
5.97104,-2.2773
5.97104,-2.2773
5.97104,-2.2773
5.97104,-2.2773
5.97104,-2.2773
5.97104,-2.2773
5.97104,-2.2773
5.97104,-2.2773
5.97104,-2.2773
5.97104,-2.2773
5.97104,-2.2773
5.97104,-2.2773
5.97104,-2.2773
5.97104,-2.2773
5.97104,-2.2773
5.97104,-2.2773
5.97104,-2.2773
5.97104,-2.2773
5.97104,-2.2773
5.97104,-2.2773
5.97104,-2.2773
5.97104,-2.2773
5.97104,-2.2773
5.97104,-2.2773
5.97104,-2.2773
5.97104,-2.2773
5.97104,-2.2773
5.97104,-2.2773
5.97104,-2.2773
5.97104,-2.2773
5.97104,-2.2773
5.97104,-2.2773
5.97104,-2.2773
5.97104,-2.2773
5.97104,-2.2773
5.97104,-2.2773
5.97104,-2.2773
5.97104,-2.2773
5.97104,-2.2773
5.97104,-2.2773
5.97104,-2.2773
5.97104,-2.2773
5.97104,-2.2773
5.97104,-2.2773
5.97104,-2.2773
5.97104,-2.2773
5.97104,-2.2773
5.97104,-2.2773
5.97104,-2.2773
5.97104,-2.2773
5.97104,-2.2773
5.97104,-2.2773
5.97104,-2.2773
5.97104,-2.2773
5.97104,-2.2773
5.97104,-2.2773
5.97104,-2.2773
5.97104,-2.2773
5.97104,-2.2773
5.97104,-2.2773
5.97104,-2.2773
5.97104,-2.2773
5.97104,-2.2773
5.97104,-2.2773
5.97104,-2.2773
5.97104,-2.2773
5.97104,-2.2773
5.97104,-2.2773
5.97104,-2.2773
5.97104,-2.2773
5.97104,-2.2773
5.97104,-2.2773
5.97104,-2.2773
5.97104,-2.2773
5.97104,-2.2773
5.97104,-2.2773
5.97104,-2.2773
5.97104,-2.2773
5.97104,-2.2773
5.97104,-2.2773
5.97104,-2.2773
5.97104,-2.2773
5.97104,-2.2773
5.97104,-2.2773
5.97104,-2.2773
5.97104,-2.2773
5.97104,-2.2773
5.97104,-2.2773
5.97104,-2.2773
5.97104,-2.2773
5.97104,-2.2773
5.97104,-2.2773
5.97104,-2.2773
5.97104,-2.2773
5.97104,-2.2773
5.97104,-2.2773
5.97104,-2.2773
5.97104,-2.2773
5.97104,-2.2773
5.97104,-2.2773
5.97104,-2.2773
5.97104,-2.2773
5.97104,-2.2773
5.97104,-2.2773
5.97104,-2.2773
5.97104,-2.2773
5.97104,-2.2773
5.97104,-2.2773
5.97104,-2.2773
5.97104,-2.2773
5.97104,-2.2773
5.97104,-2.2773
5.97104,-2.2773
5.97104,-2.2773
5.97104,-2.2773
5.97104,-2.2773
5.97104,-2.2773
5.97104,-2.2773
5.97104,-2.2773
5.97104,-2.2773
5.97104,-2.2773
5.97104,-2.2773
5.97104,-2.2773
5.97104,-2.2773
5.97104,-2.2773
5.97104,-2.2773
5.97104,-2.2773
5.97104,-2.2773
5.97104,-2.2773
5.97104,-2.2773
5.97104,-2.2773
5.97104,-2.2773
5.97104,-2.2773
5.97104,-2.2773
5.97104,-2.2773
5.97104,-2.2773
5.97104,-2.2773
5.97104,-2.2773
5.97104,-2.2773
5.97104,-2.2773
5.97104,-2.2773
5.97104,-2.2773
5.97104,-2.2773
5.97104,-2.2773
5.97104,-2.2773
5.97104,-2.2773
5.97104,-2.2773
5.97104,-2.2773
5.97104,-2.2773
5.97104,-2.2773
5.97104,-2.2773
5.97104,-2.2773
5.97104,-2.2773
5.97104,-2.2773
5.97104,-2.2773
5.97104,-2.2773
5.97104,-2.2773
5.97104,-2.2773
5.97104,-2.2773
5.97104,-2.2773
5.97104,-2.2773
5.97104,-2.2773
5.97104,-2.2773
5.97104,-2.2773
5.97104,-2.2773
5.97104,-2.2773
5.97104,-2.2773
5.97104,-2.2773
5.97104,-2.2773
5.97104,-2.2773
5.97104,-2.2773
5.97104,-2.2773
5.97104,-2.2773
5.97104,-2.2773
5.97104,-2.2773
5.97104,-2.2773
5.97104,-2.2773
5.97104,-2.2773
5.97104,-2.2773
5.97104,-2.2773
5.97104,-2.2773
5.97104,-2.2773
5.97104,-2.2773
5.97104,-2.2773
5.97104,-2.2773
5.97104,-2.2773
5.97104,-2.2773
5.97104,-2.2773
5.97104,-2.2773
5.97104,-2.2773
5.97104,-2.2773
5.97104,-2.2773
5.97104,-2.2773
5.97104,-2.2773
5.97104,-2.2773
5.97104,-2.2773
5.97104,-2.2773
5.97104,-2.2773
5.97104,-2.2773
5.97104,-2.2773
5.97104,-2.2773
5.97104,-2.2773
5.97104,-2.2773
5.97104,-2.2773
5.97104,-2.2773
5.97104,-2.2773
5.97104,-2.2773
5.97104,-2.2773
5.97104,-2.2773
5.97104,-2.2773
5.97104,-2.2773
5.97104,-2.2773
5.97104,-2.2773
5.97104,-2.2773
5.97104,-2.2773
5.97104,-2.2773
5.97104,-2.2773
5.97104,-2.2773
5.97104,-2.2773
5.97104,-2.2773
5.97104,-2.2773
5.97104,-2.2773
5.97104,-2.2773
5.97104,-2.2773
5.97104,-2.2773
5.97104,-2.2773
5.97104,-2.2773
5.97104,-2.2773
5.97104,-2.2773
5.97104,-2.2773
5.97104,-2.2773
5.97104,-2.2773
5.97104,-2.2773
5.97104,-2.2773
5.97104,-2.2773
5.97104,-2.2773
5.97104,-2.2773
5.97104,-2.2773
5.97104,-2.2773
5.97104,-2.2773
5.97104,-2.2773
5.97104,-2.2773
5.97104,-2.2773
5.97104,-2.2773
5.97104,-2.2773
5.97104,-2.2773
5.97104,-2.2773
5.97104,-2.2773
5.97104,-2.2773
5.97104,-2.2773
5.97104,-2.2773
5.97104,-2.2773
5.97104,-2.2773
5.97104,-2.2773
5.97104,-2.2773
5.97104,-2.2773
5.97104,-2.2773
5.97104,-2.2773
5.97104,-2.2773
5.97104,-2.2773
5.97104,-2.2773
5.97104,-2.2773
5.97104,-2.2773
5.97104,-2.2773
5.97104,-2.2773
5.97104,-2.2773
5.97104,-2.2773
5.97104,-2.2773
5.97104,-2.2773
5.97104,-2.2773
5.97104,-2.2773
5.97104,-2.2773
5.97104,-2.2773
5.97104,-2.2773
5.97104,-2.2773
5.97104,-2.2773
5.97104,-2.2773
5.97104,-2.2773
5.97104,-2.2773
5.97104,-2.2773
5.97104,-2.2773
5.97104,-2.2773
5.97104,-2.2773
5.97104,-2.2773
5.97104,-2.2773
5.97104,-2.2773
5.97104,-2.2773
5.97104,-2.2773
5.97104,-2.2773
5.97104,-2.2773
5.97104,-2.2773
5.97104,-2.2773
5.97104,-2.2773
5.97104,-2.2773
5.97104,-2.2773
5.97104,-2.2773
5.97104,-2.2773
5.97104,-2.2773
5.97104,-2.2773
5.97104,-2.2773
5.97104,-2.2773
5.97104,-2.2773
5.97104,-2.2773
5.97104,-2.2773
5.97104,-2.2773
5.97104,-2.2773
5.97104,-2.2773
5.97104,-2.2773
5.97104,-2.2773
5.97104,-2.2773
5.97104,-2.2773
5.97104,-2.2773
5.97104,-2.2773
5.97104,-2.2773
5.97104,-2.2773
5.97104,-2.2773
5.97104,-2.2773
5.97104,-2.2773
5.97104,-2.2773
5.97104,-2.2773
5.97104,-2.2773
5.97104,-2.2773
5.97104,-2.2773
5.97104,-2.2773
5.97104,-2.2773
5.97104,-2.2773
5.97104,-2.2773
5.97104,-2.2773
5.97104,-2.2773
5.97104,-2.2773
5.97104,-2.2773
5.97104,-2.2773
5.97104,-2.2773
5.97104,-2.2773
5.97104,-2.2773
5.97104,-2.2773
5.97104,-2.2773
5.97104,-2.2773
5.97104,-2.2773
5.97104,-2.2773
5.97104,-2.2773
5.97104,-2.2773
5.97104,-2.2773
5.97104,-2.2773
5.97104,-2.2773
5.97104,-2.2773
5.97104,-2.2773
5.97104,-2.2773
5.97104,-2.2773
5.97104,-2.2773
5.97104,-2.2773
5.97104,-2.27731
5.97104,-2.27731
5.97104,-2.27733
5.97104,-2.27735
5.97104,-2.27736
5.97104,-2.27735
5.97104,-2.2773
5.97104,-2.27725
5.97105,-2.27719
5.97105,-2.27715
5.97105,-2.27711
5.97105,-2.2771
5.97105,-2.27712
5.97105,-2.27714
5.97105,-2.27717
5.97104,-2.27722
5.97104,-2.27729
5.97103,-2.27734
5.97103,-2.27737
5.97103,-2.27737
5.97103,-2.27735
5.97104,-2.2773
5.97105,-2.27721
5.97107,-2.27711
5.97109,-2.277
5.97111,-2.2769
5.97113,-2.27683
5.97114,-2.27679
5.97114,-2.27678
5.97114,-2.2768
5.97114,-2.27683
5.97112,-2.27688
5.97111,-2.27694
5.97109,-2.277
5.97108,-2.27705
5.97107,-2.27709
5.97105,-2.27713
5.97104,-2.27716
5.97104,-2.27717
5.97103,-2.27718
5.97103,-2.27718
5.97103,-2.27717
5.97104,-2.27716
5.97104,-2.27714
5.97105,-2.27714
5.97105,-2.27713
5.97105,-2.27713
5.97105,-2.27712
5.97105,-2.27712
5.97105,-2.27713
5.97105,-2.27713
5.97104,-2.27714
5.97104,-2.27715
5.97102,-2.27718
5.97101,-2.27721
5.971,-2.27722
5.97099,-2.27724
5.97098,-2.27726
5.97097,-2.27727
5.97097,-2.27727
5.97097,-2.27727
5.97097,-2.27727
5.97097,-2.27726
5.97098,-2.27725
5.97098,-2.27725
5.97098,-2.27725
5.97098,-2.27725
5.97098,-2.27725
5.97097,-2.27726
5.97096,-2.27727
5.97095,-2.27729
5.97094,-2.2773
5.97094,-2.2773
5.97093,-2.27731
5.97092,-2.27732
5.97093,-2.27731
5.97094,-2.2773
5.97095,-2.27728
5.97097,-2.27726
5.97099,-2.27724
5.97102,-2.27721
5.97105,-2.27718
5.97108,-2.27715
5.97111,-2.27712
5.97113,-2.2771
5.97115,-2.27709
5.97115,-2.27709
5.97115,-2.27709
5.97113,-2.27711
5.97112,-2.27712
5.97109,-2.27714
5.97107,-2.27717
5.97103,-2.27719
5.971,-2.27722
5.97098,-2.27724
5.97096,-2.27725
5.97094,-2.27726
5.97093,-2.27727
5.97093,-2.27727
5.97093,-2.27727
5.97093,-2.27727
5.97094,-2.27726
5.97094,-2.27726
5.97093,-2.27726
5.97093,-2.27727
5.97092,-2.27727
5.97092,-2.27727
5.97092,-2.27727
5.97091,-2.27728
5.97089,-2.27729
5.97089,-2.27729
5.97089,-2.27729
5.97088,-2.27729
5.97088,-2.27729
5.97088,-2.27729
5.97087,-2.27729
5.97087,-2.2773
5.97085,-2.2773
5.97084,-2.27731
5.97082,-2.27732
5.97081,-2.27732
5.9708,-2.27733
5.97078,-2.27733
5.97077,-2.27734
5.97076,-2.27734
5.97075,-2.27734
5.97074,-2.27734
5.97076,-2.27734
5.97079,-2.27733
5.97082,-2.27732
5.97086,-2.2773
5.9709,-2.27729
5.97094,-2.27728
5.97099,-2.27726
5.97101,-2.27726
5.97104,-2.27725
5.97106,-2.27724
5.97107,-2.27724
5.97107,-2.27724
5.97106,-2.27725
5.97104,-2.27725
5.97103,-2.27725
5.97102,-2.27726
5.97101,-2.27726
5.97101,-2.27726
5.97102,-2.27726
5.97103,-2.27726
5.97104,-2.27725
5.97104,-2.27725
5.97105,-2.27725
5.97104,-2.27725
5.97103,-2.27725
5.97102,-2.27726
5.971,-2.27726
5.97098,-2.27727
5.97096,-2.27727
5.97093,-2.27727
5.97091,-2.27728
5.9709,-2.27728
5.97089,-2.27728
5.97088,-2.27728
5.97088,-2.27728
5.97088,-2.27728
5.9709,-2.27728
5.97095,-2.27727
5.97107,-2.27725
5.97126,-2.27722
5.9716,-2.27717
5.9721,-2.2771
5.97282,-2.277
5.97385,-2.27686
5.97523,-2.27667
5.97703,-2.27644
5.97927,-2.27616
5.98201,-2.27583
5.98527,-2.27544
5.9891,-2.275
5.99346,-2.27451
5.99837,-2.27397
6.00379,-2.27338
6.0097,-2.27276
6.01602,-2.2721
6.02279,-2.2714
6.02996,-2.27068
6.03751,-2.26993
6.04544,-2.26915
6.05375,-2.26834
6.06243,-2.26751
6.07146,-2.26666
6.0809,-2.26578
6.09078,-2.26487
6.10112,-2.26393
6.11187,-2.26298
6.12305,-2.26199
6.13471,-2.26099
6.14684,-2.25995
6.15937,-2.25889
6.17233,-2.25781
6.18575,-2.25672
6.20117,-2.25545
6.2138,-2.25447
6.22842,-2.25334
6.24342,-2.25221
6.25879,-2.25108
6.27452,-2.24995
6.29074,-2.24883
6.30729,-2.24772
6.32434,-2.24662
6.34172,-2.24555
6.35958,-2.2445
6.37791,-2.24347
6.39658,-2.24247
6.41568,-2.24149
6.43529,-2.24052
6.45536,-2.23957
6.47567,-2.23863
6.49641,-2.23769
6.51736,-2.23675
6.53856,-2.2358
6.55983,-2.23484
6.58114,-2.23386
6.60224,-2.23289
6.62324,-2.23194
6.64392,-2.23103
6.66429,-2.23018
6.68425,-2.22941
6.70374,-2.22871
6.72297,-2.22808
6.74157,-2.22754
6.75981,-2.22705
6.77763,-2.22662
6.79507,-2.22625
6.81213,-2.22594
6.82881,-2.22569
6.84499,-2.22551
6.86077,-2.22538
6.87866,-2.22521
6.89113,-2.22529
6.90566,-2.22533
6.91983,-2.2254
6.9336,-2.22551
6.94689,-2.22566
6.95982,-2.22584
6.9724,-2.22604
6.98465,-2.22627
6.99649,-2.22652
7.00796,-2.22679
7.01908,-2.22707
7.0299,-2.22737
7.04035,-2.22768
7.05056,-2.22801
7.06035,-2.22835
7.06986,-2.22871
7.07913,-2.22908
7.08805,-2.22946
7.09678,-2.22985
7.10519,-2.23026
7.11339,-2.23067
7.12133,-2.23109
7.12903,-2.23153
7.13651,-2.23197
7.14378,-2.23242
7.15082,-2.23288
7.15765,-2.23334
7.16428,-2.23382
7.17067,-2.2343
7.17688,-2.23478
7.18292,-2.23528
7.18878,-2.23578
7.19445,-2.23628
7.19996,-2.23679
7.2053,-2.23731
7.21051,-2.23783
7.21554,-2.23835
7.22041,-2.23888
7.22512,-2.23941
7.22969,-2.23994
7.23416,-2.24047
7.23843,-2.241
7.24262,-2.24154
7.24669,-2.24208
7.25065,-2.24262
7.25446,-2.24316
7.25818,-2.24371
7.26181,-2.24426
7.26533,-2.24481
7.26875,-2.24537
7.27208,-2.24593
7.27531,-2.24648
7.27842,-2.24704
7.28143,-2.24759
7.28434,-2.24814
7.28715,-2.24869
7.28988,-2.24923
7.29253,-2.24978
7.29509,-2.25031
7.29758,-2.25085
7.30001,-2.25139
7.30236,-2.25192
7.30469,-2.25246
7.30697,-2.25299
7.30918,-2.25353
7.31132,-2.25406
7.3134,-2.25459
7.31541,-2.25511
7.31737,-2.25564
7.31926,-2.25616
7.32108,-2.25667
7.32286,-2.25719
7.32455,-2.25769
7.32618,-2.2582
7.32776,-2.2587
7.3293,-2.25919
7.3308,-2.25969
7.33225,-2.26018
7.33365,-2.26067
7.335,-2.26115
7.33631,-2.26163
7.33758,-2.26211
7.3388,-2.26258
7.33999,-2.26304
7.34114,-2.26351
7.34225,-2.26397
7.34333,-2.26442
7.34439,-2.26487
7.34543,-2.26532
7.34644,-2.26577
7.34742,-2.26621
7.34839,-2.26665
7.34933,-2.26708
7.35024,-2.26751
7.35112,-2.26793
7.35206,-2.26836
7.35277,-2.26875
7.35354,-2.26915
7.35428,-2.26953
7.355,-2.26991
7.3557,-2.27028
7.35639,-2.27063
7.35704,-2.27098
7.35768,-2.27133
7.3583,-2.27166
7.35891,-2.27199
7.35951,-2.27231
7.36008,-2.27262
7.36065,-2.27293
7.36119,-2.27323
7.36171,-2.27353
7.3622,-2.27382
7.36266,-2.2741
7.36309,-2.27437
7.36349,-2.27464
7.36386,-2.2749
7.3642,-2.27516
7.36452,-2.27541
7.36481,-2.27565
7.36508,-2.27589
7.36532,-2.27612
7.36555,-2.27634
7.36576,-2.27657
7.36596,-2.27678
7.36615,-2.277
7.36633,-2.27721
7.3665,-2.27741
7.36666,-2.27762
7.36682,-2.27782
7.36697,-2.27801
7.3671,-2.2782
7.36722,-2.27839
7.36731,-2.27857
7.36738,-2.27875
7.36742,-2.27893
7.36742,-2.2791
7.36738,-2.27926
7.36731,-2.27942
7.36721,-2.27958
7.36708,-2.27973
7.36691,-2.27988
7.36673,-2.28003
7.36653,-2.28017
7.36633,-2.28031
7.36612,-2.28044
7.36591,-2.28058
7.36571,-2.28071
7.36551,-2.28084
7.36531,-2.28097
7.36511,-2.2811
7.36492,-2.28122
7.36473,-2.28135
7.36454,-2.28147
7.36435,-2.28159
7.36417,-2.28171
7.36399,-2.28182
7.36381,-2.28194
7.36364,-2.28205
7.36347,-2.28216
7.36329,-2.28227
7.36313,-2.28238
7.36296,-2.28249
7.3628,-2.28259
7.36264,-2.2827
7.36248,-2.2828
7.36233,-2.2829
7.36217,-2.283
7.36202,-2.2831
7.36188,-2.2832
7.36173,-2.28329
7.36159,-2.28339
7.36145,-2.28348
7.36131,-2.28357
7.36117,-2.28366
7.36103,-2.28375
7.3609,-2.28384
7.36077,-2.28392
7.36064,-2.28401
7.36052,-2.28409
7.36039,-2.28418
7.36027,-2.28426
7.36015,-2.28434
7.36003,-2.28442
7.35991,-2.2845
7.35979,-2.28457
7.35968,-2.28465
7.35957,-2.28472
7.35946,-2.2848
7.35935,-2.28487
7.35924,-2.28494
7.35914,-2.28501
7.35903,-2.28508
7.35893,-2.28515
7.35883,-2.28522
7.35873,-2.28529
7.35864,-2.28535
7.35854,-2.28542
7.35845,-2.28548
7.35835,-2.28555
7.35826,-2.28561
7.35817,-2.28567
7.35808,-2.28573
7.35799,-2.28579
7.35791,-2.28585
7.35782,-2.28591
7.35774,-2.28597
7.35766,-2.28602
7.35758,-2.28608
7.3575,-2.28613
7.35742,-2.28619
7.35734,-2.28624
7.35727,-2.28629
7.35719,-2.28635
7.35712,-2.2864
7.35705,-2.28645
7.35698,-2.2865
7.35691,-2.28655
7.35684,-2.28659
7.35677,-2.28664
7.3567,-2.28669
7.35663,-2.28674
7.35657,-2.28678
7.3565,-2.28683
7.35644,-2.28687
7.35638,-2.28691
7.35632,-2.28696
7.35626,-2.287
7.3562,-2.28704
7.35614,-2.28708
7.35608,-2.28712
7.35603,-2.28716
7.35597,-2.2872
7.35591,-2.28724
7.35586,-2.28728
7.35581,-2.28732
7.35575,-2.28736
7.35571,-2.28739
7.35567,-2.28743
7.35562,-2.28747
7.35557,-2.2875
7.35551,-2.28754
7.35545,-2.28757
7.3554,-2.2876
7.35536,-2.28764
7.35532,-2.28767
7.35529,-2.2877
7.35526,-2.28773
7.35523,-2.28777
7.35521,-2.2878
7.35522,-2.28783
7.35524,-2.28787
7.35525,-2.2879
7.35526,-2.28794
7.35527,-2.28797
7.35528,-2.28801
7.35529,-2.28804
7.3553,-2.28808
7.3553,-2.28811
7.3553,-2.28815
7.35528,-2.28818
7.35525,-2.2882
7.35522,-2.28823
7.35519,-2.28826
7.35515,-2.28828
7.3551,-2.2883
7.35505,-2.28832
7.355,-2.28834
7.35494,-2.28836
7.35488,-2.28837
7.35482,-2.28838
7.35477,-2.2884
7.35472,-2.28841
7.35469,-2.28843
7.35467,-2.28846
7.35465,-2.28848
7.35464,-2.28851
7.35464,-2.28854
7.35465,-2.28857
7.35466,-2.28861
7.35468,-2.28865
7.35471,-2.28869
7.35473,-2.28873
7.35473,-2.28876
7.35471,-2.28878
7.35468,-2.2888
7.35465,-2.28882
7.35461,-2.28883
7.35457,-2.28884
7.35453,-2.28885
7.35449,-2.28885
7.35445,-2.28886
7.3544,-2.28886
7.35437,-2.28888
7.35437,-2.2889
7.35436,-2.28892
7.35435,-2.28895
7.35434,-2.28897
7.35433,-2.28899
7.35431,-2.28901
7.35429,-2.28902
7.35425,-2.28903
7.35422,-2.28903
7.35419,-2.28903
7.35415,-2.28903
7.35411,-2.28903
7.35409,-2.28904
7.35406,-2.28905
7.35404,-2.28906
7.35402,-2.28907
7.35402,-2.2891
7.35403,-2.28913
7.35404,-2.28917
7.35405,-2.28921
7.35407,-2.28925
7.35407,-2.28928
7.35407,-2.28931
7.35407,-2.28933
7.35406,-2.28936
7.35405,-2.28937
7.35403,-2.28938
7.354,-2.28938
7.35397,-2.28937
7.35394,-2.28936
7.35391,-2.28936
7.35388,-2.28935
7.35386,-2.28935
7.35385,-2.28936
7.35384,-2.28938
7.35383,-2.2894
7.35383,-2.28941
7.35382,-2.28943
7.35382,-2.28945
7.35381,-2.28947
7.3538,-2.28948
7.35378,-2.28949
7.35377,-2.2895
7.35376,-2.2895
7.35373,-2.2895
7.35372,-2.28949
7.3537,-2.28949
7.35368,-2.28948
7.35366,-2.28948
7.35365,-2.28949
7.35364,-2.28949
7.35363,-2.28951
7.35362,-2.28952
7.35362,-2.28953
7.35361,-2.28955
7.35361,-2.28957
7.35361,-2.28959
7.3536,-2.28961
7.3536,-2.28963
7.35359,-2.28964
7.35358,-2.28965
7.35357,-2.28966
7.35356,-2.28966
7.35355,-2.28966
7.35353,-2.28965
7.35352,-2.28965
7.35351,-2.28964
7.35349,-2.28963
7.35348,-2.28963
7.35347,-2.28962
7.35346,-2.28961
7.35344,-2.28961
7.35343,-2.28961
7.35342,-2.28961
7.35342,-2.28961
7.3534,-2.2896
7.35339,-2.28959
7.35338,-2.28959
7.35337,-2.28959
7.35337,-2.28959
7.35336,-2.28959
7.35335,-2.2896
7.35335,-2.2896
7.35334,-2.28961
7.35333,-2.28961
7.35333,-2.28962
7.35332,-2.28963
7.35332,-2.28963
7.35331,-2.28963
7.3533,-2.28963
7.35329,-2.28962
7.35328,-2.28962
7.35328,-2.28961
7.35327,-2.28961
7.35326,-2.28961
7.35326,-2.28962
7.35325,-2.28962
7.35325,-2.28963
7.35324,-2.28965
7.35324,-2.28966
7.35324,-2.28967
7.35323,-2.28967
7.35323,-2.28968
7.35322,-2.28969
7.35322,-2.28973
7.35323,-2.28982
7.35325,-2.29
7.35329,-2.29029
7.35336,-2.29078
7.35346,-2.2915
7.3536,-2.2925
7.35378,-2.29388
7.35402,-2.2957
7.35431,-2.29798
7.35465,-2.30073
7.35505,-2.30401
7.3555,-2.30785
7.35601,-2.31223
7.35657,-2.31714
7.35719,-2.32256
7.35785,-2.32847
7.35855,-2.33482
7.35929,-2.34157
7.3601,-2.34899
7.36089,-2.35627
7.36174,-2.36423
7.36261,-2.37252
7.36351,-2.38117
7.36442,-2.39021
7.36536,-2.39963
7.36632,-2.40949
7.36729,-2.41971
7.36828,-2.43039
7.36929,-2.44153
7.3703,-2.45309
7.37133,-2.4651
7.37247,-2.47869
7.3734,-2.49041
7.37445,-2.50375
7.3755,-2.51757
7.37653,-2.5317
7.37757,-2.54627
7.37861,-2.56131
7.37963,-2.57672
7.38066,-2.59259
7.38168,-2.60885
7.38269,-2.62548
7.3837,-2.64262
7.38471,-2.66007
7.38574,-2.67807
7.38677,-2.69635
7.38783,-2.71522
7.38891,-2.73435
7.39004,-2.75396
7.39121,-2.77404
7.3924,-2.79433
7.39364,-2.81495
7.39493,-2.8359
7.39623,-2.85699
7.39756,-2.87821
7.39887,-2.89953
7.40016,-2.92085
7.40152,-2.94372
7.40257,-2.96331
7.40366,-2.98444
7.40464,-3.00532
7.40552,-3.02604
7.40628,-3.0465
7.40696,-3.06681
7.40754,-3.08686
7.40806,-3.10666
7.40852,-3.12612
7.40894,-3.14528
7.40932,-3.16406
7.40969,-3.18249
7.41005,-3.20049
7.41039,-3.21805
7.41071,-3.23521
7.41101,-3.25192
7.41129,-3.26817
7.41153,-3.28397
7.41175,-3.29935
7.41194,-3.31433
7.41212,-3.32884
7.41227,-3.34296
7.4124,-3.35673
7.41251,-3.37005
7.41261,-3.38308
7.41268,-3.39572
7.41272,-3.408
7.41274,-3.41979
7.41273,-3.43143
7.41269,-3.44236
7.41262,-3.45313
7.41253,-3.46365
7.35958,-3.8112
7.35957,-3.81118
7.35957,-3.81117
7.35956,-3.81116
7.35956,-3.81115
7.35955,-3.81114
7.35955,-3.81112
7.35954,-3.81111
7.35954,-3.8111
7.35953,-3.81109
7.35953,-3.81108
7.35952,-3.81107
7.35952,-3.81106
7.35951,-3.81105
7.35951,-3.81104
7.35951,-3.81103
7.3595,-3.81102
7.3595,-3.81101
7.35949,-3.811
7.35949,-3.81099
7.35948,-3.81098
7.35948,-3.81097
7.35948,-3.81096
7.35947,-3.81095
7.35947,-3.81095
7.35947,-3.81094
7.35946,-3.81093
7.35946,-3.81092
7.35945,-3.81091
7.35945,-3.8109
7.35945,-3.8109
7.35944,-3.81089
7.35944,-3.81088
7.35944,-3.81087
7.35943,-3.81087
7.35943,-3.81086
7.35943,-3.81085
7.35942,-3.81084
7.35942,-3.81084
7.35942,-3.81083
7.35942,-3.81082
7.35941,-3.81082
7.35941,-3.81081
7.35941,-3.8108
7.3594,-3.8108
7.3594,-3.81079
7.3594,-3.81078
7.3594,-3.81078
7.35939,-3.81077
7.35939,-3.81077
7.35939,-3.81076
7.35939,-3.81076
7.35938,-3.81075
7.35938,-3.81074
7.35938,-3.81074
7.35938,-3.81073
7.35937,-3.81073
7.35937,-3.81072
7.35937,-3.81072
7.35937,-3.81071
7.35936,-3.81071
7.35936,-3.8107
7.35936,-3.8107
7.35936,-3.81069
7.35935,-3.81069
7.35935,-3.81068
7.35935,-3.81068
7.35935,-3.81067
7.35935,-3.81067
7.35934,-3.81066
7.35934,-3.81066
7.35934,-3.81065
7.35934,-3.81065
7.35934,-3.81065
7.35933,-3.81064
7.35933,-3.81064
7.35933,-3.81063
7.35933,-3.81063
7.35933,-3.81063
7.35933,-3.81062
7.35932,-3.81062
7.35932,-3.81061
7.35932,-3.81061
7.35932,-3.81061
7.35932,-3.8106
7.35932,-3.8106
7.35931,-3.8106
7.35931,-3.81059
7.35931,-3.81059
7.35931,-3.81059
7.35931,-3.81058
7.35931,-3.81058
7.35931,-3.81058
7.3593,-3.81057
7.3593,-3.81057
7.3593,-3.81057
7.3593,-3.81056
7.3593,-3.81056
7.3593,-3.81056
7.3593,-3.81056
7.35929,-3.81055
7.35929,-3.81055
7.35929,-3.81055
7.35929,-3.81054
7.35929,-3.81054
7.35929,-3.81054
7.35929,-3.81054
7.35929,-3.81053
7.35929,-3.81053
7.35928,-3.81053
7.35928,-3.81053
7.35928,-3.81052
7.35928,-3.81052
7.35928,-3.81052
7.35928,-3.81052
7.35928,-3.81051
7.35928,-3.81051
7.35928,-3.81051
7.35927,-3.81051
7.35927,-3.81051
7.35927,-3.8105
7.35927,-3.8105
7.35927,-3.8105
7.35927,-3.8105
7.35927,-3.8105
7.35927,-3.81049
7.35927,-3.81049
7.35927,-3.81049
7.35927,-3.81049
7.35926,-3.81049
7.35926,-3.81048
7.35926,-3.81048
7.35926,-3.81048
7.35926,-3.81048
7.35926,-3.81048
7.35926,-3.81048
7.35926,-3.81047
7.35926,-3.81047
7.35926,-3.81047
7.35926,-3.81047
7.35926,-3.81047
7.35926,-3.81047
7.35925,-3.81046
7.35925,-3.81046
7.35925,-3.81046
7.35925,-3.81046
7.35925,-3.81046
7.35925,-3.81046
7.35925,-3.81046
7.35925,-3.81045
7.35925,-3.81045
7.35925,-3.81045
7.35925,-3.81045
7.35925,-3.81045
7.35925,-3.81045
7.35925,-3.81045
7.35925,-3.81045
7.35925,-3.81044
7.35924,-3.81044
7.35924,-3.81044
7.35924,-3.81044
7.35924,-3.81045
7.35924,-3.81047
7.35924,-3.81046
7.35924,-3.81046
7.35924,-3.81045
7.35924,-3.81045
7.35924,-3.81044
7.35924,-3.81044
7.35924,-3.81044
7.35924,-3.81044
7.35924,-3.81045
7.35924,-3.81045
7.35923,-3.81048
7.35923,-3.81052
7.35922,-3.81057
7.35921,-3.81063
7.3592,-3.8107
7.35919,-3.81077
7.35918,-3.81084
7.35916,-3.8109
7.35915,-3.81096
7.35914,-3.81101
7.35913,-3.81105
7.35912,-3.81106
7.35912,-3.81105
7.35913,-3.81101
7.35914,-3.81095
7.35915,-3.81089
7.35917,-3.81082
7.35919,-3.81075
7.35921,-3.81068
7.35923,-3.81062
7.35924,-3.81057
7.35925,-3.81054
7.35926,-3.81054
7.35925,-3.81057
7.35924,-3.8106
7.35923,-3.81063
7.35921,-3.81067
7.3592,-3.81071
7.35919,-3.81073
7.35919,-3.81074
7.35918,-3.81074
7.35919,-3.81073
7.3592,-3.81069
7.35922,-3.81065
7.35923,-3.81062
7.35925,-3.81059
7.35927,-3.81055
7.35928,-3.81052
7.35929,-3.81051
7.35929,-3.81051
7.35929,-3.81051
7.35928,-3.81052
7.35927,-3.81055
7.35925,-3.81057
7.35925,-3.81059
7.35924,-3.8106
7.35922,-3.81062
7.35921,-3.81063
7.35921,-3.81064
7.3592,-3.81065
7.35919,-3.81066
7.35919,-3.81066
7.35919,-3.81067
7.35919,-3.81066
7.35918,-3.81067
7.35918,-3.81067
7.35917,-3.81068
7.35916,-3.81069
7.35916,-3.8107
7.35915,-3.8107
7.35914,-3.81072
7.35913,-3.81072
7.35913,-3.81072
7.35913,-3.81072
7.35914,-3.81071
7.35915,-3.81069
7.35917,-3.81067
7.35921,-3.81064
7.35924,-3.81061
7.35927,-3.81058
7.3593,-3.81054
7.35934,-3.81051
7.35936,-3.81049
7.35937,-3.81049
7.35937,-3.81049
7.35936,-3.8105
7.35933,-3.81052
7.35928,-3.81057
7.35923,-3.81061
7.35917,-3.81065
7.35912,-3.81069
7.35907,-3.81073
7.35903,-3.81076
7.359,-3.81078
7.35898,-3.81079
7.35897,-3.81079
7.35898,-3.81078
7.35899,-3.81078
7.359,-3.81076
7.35902,-3.81075
7.35904,-3.81074
7.35905,-3.81073
7.35906,-3.81073
7.35906,-3.81073
7.35905,-3.81073
7.35904,-3.81074
7.35902,-3.81074
7.35901,-3.81075
7.359,-3.81075
7.35899,-3.81076
7.35898,-3.81077
7.35897,-3.81077
7.35897,-3.81077
7.35896,-3.81077
7.35895,-3.81078
7.35895,-3.81078
7.35895,-3.81078
7.35895,-3.81077
7.35894,-3.81078
7.35894,-3.81078
7.35895,-3.81077
7.35896,-3.81077
7.35895,-3.81077
7.35895,-3.81077
7.35895,-3.81077
7.35896,-3.81077
7.35896,-3.81077
7.35896,-3.81077
7.35897,-3.81077
7.35897,-3.81077
7.35896,-3.81077
7.35895,-3.81077
7.35896,-3.81077
7.35896,-3.81077
7.35897,-3.81076
7.35897,-3.81076
7.35897,-3.81076
7.35898,-3.81076
7.359,-3.81076
7.35901,-3.81075
7.35903,-3.81075
7.35905,-3.81074
7.35906,-3.81074
7.35907,-3.81074
7.35908,-3.81074
7.35908,-3.81074
7.35908,-3.81074
7.35908,-3.81074
7.35906,-3.81074
7.35905,-3.81074
7.35904,-3.81074
7.35903,-3.81075
7.35902,-3.81075
7.35901,-3.81075
7.35901,-3.81075
7.35901,-3.81075
7.35902,-3.81075
7.35902,-3.81075
7.35903,-3.81074
7.35904,-3.81074
7.35904,-3.81074
7.35904,-3.81074
7.35902,-3.81075
7.35897,-3.81075
7.35884,-3.81077
7.35862,-3.8108
7.35826,-3.81085
7.3577,-3.81093
7.35691,-3.81103
7.35582,-3.81116
7.35438,-3.81134
7.35251,-3.81155
7.35018,-3.81182
7.34733,-3.81213
7.34395,-3.81249
7.34001,-3.81289
7.3355,-3.81333
7.3305,-3.81382
7.32495,-3.81434
7.31892,-3.81489
7.31243,-3.81548
7.30551,-3.8161
7.29818,-3.81674
7.29048,-3.8174
7.28242,-3.81808
7.27404,-3.81877
7.26526,-3.81947
7.25612,-3.8202
7.24658,-3.82093
7.23658,-3.82169
7.22625,-3.82245
7.21544,-3.82324
7.20417,-3.82405
7.19253,-3.82487
7.18039,-3.82573
7.16784,-3.82661
7.15484,-3.82752
7.14138,-3.82846
7.12751,-3.82942
7.11321,-3.83041
7.09847,-3.83143
7.08332,-3.83247
7.06769,-3.83354
7.0517,-3.83461
7.03525,-3.83571
7.0184,-3.8368
7.00113,-3.8379
6.98352,-3.839
6.96543,-3.84009
6.94696,-3.84117
6.92784,-3.84224
6.90864,-3.84328
6.88888,-3.8443
6.86871,-3.8453
6.84802,-3.84626
6.82735,-3.84718
6.80624,-3.84806
6.78498,-3.84891
6.76362,-3.84972
6.74227,-3.85049
6.72129,-3.85121
6.70046,-3.8519
6.67994,-3.85256
6.65972,-3.85319
6.64004,-3.85379
6.62085,-3.85436
6.60208,-3.85492
6.58376,-3.85546
6.56584,-3.85598
6.54845,-3.85646
6.53142,-3.85692
6.51481,-3.85734
6.4985,-3.85772
6.48279,-3.85805
6.46727,-3.85835
6.45225,-3.85861
6.43759,-3.85882
6.4234,-3.859
6.40967,-3.85914
6.39632,-3.85925
6.38341,-3.85933
6.37089,-3.85937
6.35877,-3.85939
6.34701,-3.85938
6.33562,-3.85934
6.32462,-3.85929
6.31396,-3.85921
6.30362,-3.85911
6.29353,-3.859
6.28376,-3.85887
6.27423,-3.85873
6.265,-3.85857
6.25608,-3.85841
6.2474,-3.85823
6.239,-3.85805
6.23089,-3.85786
6.22296,-3.85766
6.21533,-3.85746
6.20789,-3.85725
6.20067,-3.85703
6.19371,-3.8568
6.18691,-3.85657
6.18034,-3.85633
6.17395,-3.85608
6.16776,-3.85583
6.16172,-3.85557
6.15591,-3.85531
6.15024,-3.85505
6.14473,-3.85478
6.13939,-3.85452
6.13418,-3.85425
6.12915,-3.85397
6.12382,-3.85369
6.11908,-3.85341
6.11448,-3.85313
6.11,-3.85285
6.10567,-3.85257
6.10147,-3.8523
6.09737,-3.85202
6.09341,-3.85174
6.08956,-3.85147
6.08581,-3.85119
6.08221,-3.85092
6.07868,-3.85064
6.07524,-3.85036
6.0719,-3.85009
6.06865,-3.84981
6.06549,-3.84953
6.06242,-3.84926
6.05945,-3.84898
6.05651,-3.8487
6.05374,-3.84842
6.05101,-3.84815
6.04838,-3.84787
6.04582,-3.8476
6.04334,-3.84733
6.04092,-3.84706
6.03857,-3.84679
6.03631,-3.84652
6.03409,-3.84625
6.03193,-3.84598
6.02981,-3.84572
6.02776,-3.84545
6.02577,-3.84519
6.02383,-3.84493
6.02197,-3.84467
6.02018,-3.84441
6.01845,-3.84415
6.01677,-3.8439
6.01516,-3.84365
6.0136,-3.8434
6.01212,-3.84316
6.01067,-3.84292
6.01004,-3.84275
6.0079,-3.84243
6.00655,-3.84219
6.00521,-3.84195
6.00392,-3.84171
6.00267,-3.84148
6.00145,-3.84124
6.00026,-3.84101
5.99909,-3.84078
5.99797,-3.84055
5.9969,-3.84032
5.99585,-3.8401
5.99486,-3.83988
5.9939,-3.83966
5.99299,-3.83945
5.99211,-3.83924
5.9917,-3.83909
5.99044,-3.83884
5.98965,-3.83864
5.98889,-3.83845
5.98816,-3.83827
5.98744,-3.83809
5.98709,-3.83796
5.98604,-3.83775
5.98537,-3.83759
5.98472,-3.83744
5.9841,-3.83729
5.9835,-3.83715
5.98292,-3.83701
5.98236,-3.83688
5.98183,-3.83675
5.98133,-3.83662
5.98085,-3.8365
5.9804,-3.83638
5.97997,-3.83627
5.97957,-3.83616
5.97919,-3.83606
5.97883,-3.83595
5.9785,-3.83586
5.97821,-3.83577
5.97793,-3.83568
5.9777,-3.83559
5.97751,-3.83551
5.97735,-3.83544
5.97722,-3.83537
5.97711,-3.8353
5.97701,-3.83523
5.97693,-3.83517
5.97686,-3.8351
5.97681,-3.83504
5.97676,-3.83499
5.97675,-3.83493
5.97676,-3.83488
5.9768,-3.83483
5.97688,-3.83478
5.97698,-3.83473
5.97711,-3.83469
5.97727,-3.83465
5.97746,-3.83462
5.97767,-3.83458
5.97789,-3.83455
5.97811,-3.83451
5.97833,-3.83448
5.97855,-3.83445
5.97877,-3.83442
5.97898,-3.83439
5.97919,-3.83436
5.9794,-3.83433
5.97947,-3.83429
5.9798,-3.83427
5.97999,-3.83424
5.98019,-3.83422
5.98025,-3.83418
5.98044,-3.83415
5.98062,-3.83413
5.98081,-3.8341
5.981,-3.83408
5.98116,-3.83405
5.98134,-3.83402
5.98151,-3.834
5.98168,-3.83397
5.98185,-3.83395
5.98201,-3.83393
5.98217,-3.8339
5.98233,-3.83388
5.98249,-3.83386
5.98265,-3.83383
5.9828,-3.83381
5.98295,-3.83379
5.9831,-3.83377
5.98324,-3.83375
5.98339,-3.83372
5.98353,-3.8337
5.98367,-3.83368
5.9838,-3.83366
5.98394,-3.83364
5.98407,-3.83362
5.9842,-3.8336
5.98433,-3.83358
5.98445,-3.83357
5.98458,-3.83355
5.9847,-3.83353
5.98482,-3.83351
5.98494,-3.83349
5.98506,-3.83347
5.98517,-3.83346
5.98529,-3.83344
5.9854,-3.83342
5.98551,-3.83341
5.98562,-3.83339
5.98572,-3.83337
5.98583,-3.83336
5.98593,-3.83334
5.98604,-3.83333
5.98613,-3.83331
5.98623,-3.83329
5.98633,-3.83328
5.98643,-3.83326
5.98652,-3.83325
5.98661,-3.83324
5.9867,-3.83322
5.98679,-3.83321
5.98688,-3.83319
5.98697,-3.83318
5.98706,-3.83317
5.98714,-3.83315
5.98722,-3.83314
5.9873,-3.83313
5.98739,-3.83311
5.98746,-3.8331
5.98754,-3.83309
5.98762,-3.83308
5.9877,-3.83306
5.98777,-3.83305
5.98784,-3.83304
5.98792,-3.83303
5.98799,-3.83302
5.98806,-3.83301
5.98813,-3.833
5.98819,-3.83298
5.98826,-3.83297
5.98833,-3.83296
5.98839,-3.83295
5.98846,-3.83294
5.98852,-3.83293
5.98858,-3.83292
5.98864,-3.83291
5.9887,-3.8329
5.98876,-3.83289
5.98882,-3.83288
5.98888,-3.83287
5.98893,-3.83286
5.98899,-3.83286
5.98904,-3.83285
5.9891,-3.83284
5.98915,-3.83283
5.9892,-3.83282
5.98926,-3.83281
5.98931,-3.8328
5.98936,-3.83279
5.98941,-3.83279
5.98945,-3.83278
5.9895,-3.83277
5.98955,-3.83276
5.9896,-3.83275
5.98964,-3.83275
5.98969,-3.83274
5.98973,-3.83273
5.98977,-3.83272
5.98982,-3.83272
5.98986,-3.83271
5.9899,-3.8327
5.98994,-3.8327
5.98998,-3.83269
5.99002,-3.83268
5.99006,-3.83268
5.9901,-3.83267
5.99014,-3.83266
5.99017,-3.83266
5.99021,-3.83265
5.99024,-3.83264
5.99025,-3.83264
5.99028,-3.83263
5.99031,-3.83262
5.99033,-3.83262
5.99036,-3.83261
5.99038,-3.8326
5.99041,-3.8326
5.99044,-3.83259
5.99047,-3.83259
5.9905,-3.83258
5.99053,-3.83258
5.99055,-3.83257
5.99056,-3.83257
5.99056,-3.83256
5.99055,-3.83255
5.99054,-3.83254
5.99051,-3.83253
5.99048,-3.83252
5.99045,-3.8325
5.99043,-3.83249
5.9904,-3.83247
5.99039,-3.83246
5.99038,-3.83245
5.99038,-3.83244
5.99039,-3.83243
5.99042,-3.83242
5.99045,-3.83242
5.99049,-3.83242
5.99055,-3.83243
5.9906,-3.83243
5.99065,-3.83244
5.9907,-3.83244
5.99076,-3.83245
5.99081,-3.83246
5.99085,-3.83246
5.99088,-3.83246
5.99091,-3.83246
5.99093,-3.83246
5.99093,-3.83245
5.99094,-3.83244
5.99094,-3.83244
5.99096,-3.83243
5.99097,-3.83242
5.99098,-3.83242
5.99099,-3.83241
5.99102,-3.83241
5.99104,-3.83241
5.99106,-3.83241
5.99109,-3.83241
5.99113,-3.83242
5.99116,-3.83243
5.99118,-3.83243
5.99121,-3.83244
5.99124,-3.83244
5.99126,-3.83244
5.99127,-3.83244
5.99129,-3.83244
5.9913,-3.83243
5.99132,-3.83243
5.99133,-3.83242
5.99133,-3.83242
5.99133,-3.83241
5.99134,-3.8324
5.99134,-3.83239
5.99135,-3.83238
5.99136,-3.83238
5.99137,-3.83237
5.99138,-3.83237
5.99139,-3.83236
5.9914,-3.83235
5.99141,-3.83235
5.99143,-3.83236
5.99145,-3.83236
5.99147,-3.83237
5.99148,-3.83236
5.99147,-3.83234
5.99147,-3.83233
5.99147,-3.83232
5.99147,-3.8323
5.99147,-3.83229
5.99147,-3.83228
5.99148,-3.83227
5.99148,-3.83226
5.99149,-3.83225
5.9915,-3.83226
5.99152,-3.83226
5.99154,-3.83227
5.99155,-3.83227
5.99157,-3.83228
5.99159,-3.83229
5.9916,-3.83229
5.99161,-3.83228
5.99161,-3.83228
5.99162,-3.83227
5.99162,-3.83226
5.99163,-3.83226
5.99164,-3.83226
5.99164,-3.83226
5.99165,-3.83226
5.99166,-3.83226
5.99167,-3.83225
5.99168,-3.83225
5.99169,-3.83225
5.9917,-3.83225
5.9917,-3.83225
5.99171,-3.83225
5.99172,-3.83225
5.99172,-3.83224
5.99173,-3.83223
5.99173,-3.83222
5.99173,-3.83221
5.99174,-3.8322
5.99174,-3.83219
5.99174,-3.83219
5.99175,-3.83218
5.99175,-3.83218
5.99176,-3.83217
5.99176,-3.83217
5.99177,-3.83217
5.99178,-3.83218
5.99179,-3.83218
5.9918,-3.83218
5.9918,-3.83218
5.99181,-3.83218
5.99181,-3.83218
5.99182,-3.83217
5.99182,-3.83217
5.99183,-3.83216
5.99183,-3.83216
5.99184,-3.83216
5.99184,-3.83216
5.99185,-3.83217
5.99186,-3.83218
5.99187,-3.83219
5.99187,-3.8322
5.99188,-3.83221
5.99189,-3.83222
5.9919,-3.83222
5.9919,-3.83222
5.9919,-3.83222
5.99191,-3.83221
5.99191,-3.8322
5.99191,-3.83219
5.99191,-3.83218
5.99192,-3.83217
5.99192,-3.83216
5.99192,-3.83216
5.99193,-3.83216
5.99193,-3.83217
5.99194,-3.83217
5.99194,-3.83218
5.99195,-3.83218
5.99195,-3.83219
5.99196,-3.83219
5.99196,-3.8322
5.99197,-3.8322
5.99197,-3.8322
5.99198,-3.8322
5.99198,-3.83219
5.99197,-3.83213
5.99195,-3.83201
5.99192,-3.83179
5.99187,-3.83145
5.99179,-3.83092
5.99168,-3.83015
5.99153,-3.82907
5.99132,-3.82761
5.99107,-3.82572
5.99075,-3.82337
5.99038,-3.82052
5.98996,-3.81715
5.98947,-3.81322
5.98892,-3.80874
5.98832,-3.80372
5.98766,-3.79822
5.98696,-3.79221
5.98622,-3.78578
5.98544,-3.77893
5.98463,-3.7717
5.98379,-3.76407
5.98292,-3.75608
5.98203,-3.74768
5.98111,-3.73898
5.98018,-3.72991
5.97921,-3.7204
5.97822,-3.71046
5.97711,-3.69905
5.97618,-3.68935
5.97512,-3.6781
5.97404,-3.66642
5.97293,-3.65426
5.9718,-3.64169
5.97065,-3.62868
5.96948,-3.61522
5.96829,-3.60131
5.96708,-3.58695
5.96585,-3.57218
5.96462,-3.55704
5.96337,-3.54144
5.96203,-3.52437
5.96083,-3.50895
5.95955,-3.49209
5.95826,-3.4748
5.95695,-3.457
5.95565,-3.43887
5.95433,-3.42025
5.95302,-3.40136
5.95169,-3.38188
5.95036,-3.36217
5.94902,-3.34192
5.94768,-3.32149
5.94635,-3.30096
5.945,-3.27993
5.94367,-3.25903
5.94235,-3.23791
5.941,-3.21633
5.93973,-3.19551
5.93847,-3.17447
5.93722,-3.15334
5.93601,-3.13238
5.93484,-3.11148
5.93371,-3.09079
5.93261,-3.07026
5.93156,-3.04998
5.93055,-3.02987
5.92958,-3.00998
5.92866,-2.99042
5.92778,-2.97116
5.92696,-2.95231
5.92618,-2.9338
5.92542,-2.91527
5.92475,-2.89815
5.9241,-2.88109
5.9235,-2.86444
5.92293,-2.84836
5.9224,-2.83271
5.92191,-2.81751
5.92144,-2.80274
5.92102,-2.78839
5.92064,-2.7744
5.92029,-2.76086
5.91997,-2.74761
5.91968,-2.73475
5.91941,-2.72232
5.91918,-2.7102
5.91897,-2.69846
5.91878,-2.68705
5.91862,-2.67604
5.91849,-2.66531
5.91837,-2.6549
5.91828,-2.64487
5.9182,-2.63511
5.91814,-2.62561
5.9181,-2.61637
5.91807,-2.60742
5.91806,-2.59867
5.91806,-2.59022
5.91807,-2.58211
5.91809,-2.57415
5.91813,-2.56653
5.91817,-2.55911
5.91823,-2.55192
5.9183,-2.54489
5.91839,-2.53812
5.91847,-2.5316
5.91857,-2.52527
5.91868,-2.51914
5.91879,-2.51314
5.91891,-2.50734
5.91904,-2.5017
5.91917,-2.49621
5.91931,-2.49097
5.91945,-2.48583
5.9196,-2.48086
5.91975,-2.47603
5.9199,-2.47136
5.92006,-2.46681
5.92022,-2.46239
5.9204,-2.45772
5.92058,-2.45358
5.92076,-2.44954
5.92094,-2.44566
5.92113,-2.44184
5.92131,-2.4381
5.9215,-2.43448
5.92169,-2.43094
5.92187,-2.42748
5.92206,-2.42413
5.92225,-2.42089
5.92244,-2.41776
5.92263,-2.41476
5.92283,-2.4118
5.92302,-2.40899
5.92322,-2.40629
5.92341,-2.40365
5.92361,-2.4011
5.92381,-2.39861
5.92401,-2.39618
5.92421,-2.39382
5.92441,-2.39152
5.92462,-2.38925
5.92481,-2.38706
5.92501,-2.38492
5.92521,-2.38283
5.92541,-2.38082
5.92561,-2.37886
5.92581,-2.37697
5.926,-2.37516
5.9262,-2.37338
5.92639,-2.3717
5.92658,-2.37006
5.92677,-2.36847
5.92696,-2.36695
5.92715,-2.36546
5.92734,-2.36402
5.92753,-2.3626
5.92772,-2.36124
5.9279,-2.35991
5.92809,-2.35862
5.92827,-2.35738
5.92846,-2.35617
5.92864,-2.35499
5.92882,-2.35386
5.929,-2.35276
5.92918,-2.3517
5.92936,-2.35067
5.92953,-2.34966
5.92971,-2.3487
5.92988,-2.34776
5.93005,-2.34684
5.93022,-2.34594
5.93039,-2.3451
5.93055,-2.34428
5.9307,-2.34352
5.93085,-2.34279
5.93098,-2.34209
5.93112,-2.34141
5.93125,-2.34075
5.93137,-2.3401
5.93149,-2.33946
5.93161,-2.33882
5.93172,-2.33818
5.93183,-2.33754
5.93194,-2.33691
5.93205,-2.33628
5.93215,-2.33567
5.93224,-2.3351
5.93233,-2.33456
5.93242,-2.33407
5.9325,-2.33363
5.93257,-2.33322
5.93264,-2.33284
5.93271,-2.33248
5.93277,-2.33213
5.93283,-2.33179
5.93289,-2.33146
5.93295,-2.33112
5.933,-2.33093
5.93306,-2.33043
5.93312,-2.33008
5.93317,-2.32975
5.93322,-2.32943
5.93327,-2.32913
5.93332,-2.32885
5.93336,-2.3286
5.9334,-2.32837
5.93344,-2.32817
5.93347,-2.32799
5.93351,-2.32782
5.93354,-2.32765
5.93358,-2.32748
5.93361,-2.32729
5.93364,-2.3271
5.93367,-2.32692
5.9337,-2.32676
5.93373,-2.32663
5.93375,-2.32653
5.93377,-2.32647
5.93379,-2.32644
5.93381,-2.32646
5.93383,-2.32653
5.93384,-2.32665
5.93385,-2.3268
5.93386,-2.327
5.93386,-2.32719
5.93387,-2.32739
5.93388,-2.3276
5.93389,-2.3278
5.93389,-2.328
5.9339,-2.32811
5.93391,-2.3283
5.93392,-2.32848
5.93392,-2.32877
5.93393,-2.32885
5.93394,-2.32903
5.93394,-2.32921
5.93395,-2.32939
5.93395,-2.32956
5.93396,-2.32975
5.93396,-2.3299
5.93397,-2.33007
5.93398,-2.33023
5.93398,-2.33039
5.93399,-2.33055
5.93399,-2.33071
5.934,-2.33087
5.934,-2.33102
5.93401,-2.33117
5.93401,-2.33133
5.93402,-2.33146
5.93402,-2.33161
5.93403,-2.33175
5.93403,-2.33189
5.93404,-2.33203
5.93404,-2.33216
5.93405,-2.33229
5.93405,-2.33242
5.93406,-2.33255
5.93406,-2.33268
5.93406,-2.33281
5.93407,-2.33293
5.93407,-2.33305
5.93408,-2.33317
5.93408,-2.33329
5.93409,-2.3334
5.93409,-2.33352
5.93409,-2.33363
5.9341,-2.33374
5.9341,-2.33385
5.93411,-2.33396
5.93411,-2.33406
5.93411,-2.33417
5.93412,-2.33427
5.93412,-2.33437
5.93412,-2.33447
5.93413,-2.33457
5.93413,-2.33466
5.93414,-2.33476
5.93414,-2.33485
5.93414,-2.33494
5.93415,-2.33503
5.93415,-2.33512
5.93415,-2.33521
5.93416,-2.33529
5.93416,-2.33538
5.93416,-2.33546
5.93417,-2.33555
5.93417,-2.33563
5.93417,-2.3357
5.93418,-2.33578
5.93418,-2.33586
5.93418,-2.33594
5.93418,-2.33601
5.93419,-2.33609
5.93419,-2.33616
5.93419,-2.33623
5.9342,-2.3363
5.9342,-2.33637
5.9342,-2.33644
5.9342,-2.33651
5.93421,-2.33657
5.93421,-2.33664
5.93421,-2.3367
5.93421,-2.33677
5.93422,-2.33683
5.93422,-2.33689
5.93422,-2.33695
5.93422,-2.33701
5.93423,-2.33707
5.93423,-2.33713
5.93423,-2.33718
5.93423,-2.33724
5.93424,-2.33729
5.93424,-2.33735
5.93424,-2.3374
5.93424,-2.33745
5.93424,-2.33751
5.93425,-2.33756
5.93425,-2.33761
5.93425,-2.33766
5.93425,-2.33771
5.93426,-2.33775
5.93426,-2.3378
5.93426,-2.33785
5.93426,-2.33789
5.93426,-2.33794
5.93426,-2.33798
5.93427,-2.33803
5.93427,-2.33807
5.93427,-2.33813
5.93427,-2.33816
5.93427,-2.3382
5.93428,-2.33824
5.93428,-2.33828
5.93428,-2.33831
5.93428,-2.33833
5.93428,-2.33836
5.93429,-2.33839
5.93429,-2.33842
5.93429,-2.33846
5.93429,-2.33849
5.93429,-2.3385
5.9343,-2.33849
5.9343,-2.33849
5.9343,-2.33849
5.93431,-2.3385
5.93431,-2.33853
5.93431,-2.33856
5.93431,-2.3386
5.93431,-2.33864
5.93431,-2.33867
5.93431,-2.3387
5.93431,-2.33873
5.93431,-2.33875
5.93432,-2.33875
5.93432,-2.33874
5.93433,-2.33871
5.93435,-2.33867
5.93436,-2.33862
5.93438,-2.33857
5.93439,-2.33855
5.9344,-2.33855
5.9344,-2.33857
5.9344,-2.33862
5.93439,-2.33868
5.93438,-2.33874
5.93437,-2.33881
5.93436,-2.33889
5.93434,-2.33895
5.93433,-2.33901
5.93432,-2.33906
5.93432,-2.33908
5.93433,-2.33909
5.93434,-2.33908
5.93435,-2.33908
5.93435,-2.33908
5.93436,-2.33909
5.93436,-2.33911
5.93436,-2.33914
5.93435,-2.33917
5.93434,-2.33921
5.93433,-2.33925
5.93432,-2.3393
5.9343,-2.33935
5.93429,-2.3394
5.93428,-2.33943
5.93428,-2.33945
5.93428,-2.33947
5.93429,-2.33947
5.93429,-2.33948
5.9343,-2.33948
5.9343,-2.3395
5.9343,-2.33951
5.9343,-2.33953
5.9343,-2.33955
5.93429,-2.33958
5.93428,-2.33961
5.93427,-2.33964
5.93426,-2.33967
5.93425,-2.33971
5.93424,-2.33973
5.93424,-2.33975
5.93424,-2.33975
5.93426,-2.33975
5.93427,-2.33974
5.93429,-2.33973
5.93432,-2.33971
5.93435,-2.33969
5.93437,-2.33968
5.9344,-2.33966
5.93442,-2.33965
5.93444,-2.33965
5.93445,-2.33965
5.93445,-2.33966
5.93444,-2.33969
5.93442,-2.33972
5.9344,-2.33975
5.93438,-2.33978
5.93435,-2.33983
5.93433,-2.33986
5.93431,-2.33988
5.9343,-2.33991
5.93428,-2.33993
5.93427,-2.33995
5.93427,-2.33996
5.93427,-2.33997
5.93426,-2.33999
5.93426,-2.34
5.93426,-2.34
5.93426,-2.34002
5.93425,-2.34003
5.93424,-2.34005
5.93425,-2.34006
5.93424,-2.34007
5.93424,-2.34008
5.93424,-2.34009
5.93424,-2.34009
5.93424,-2.3401
5.93424,-2.34011
5.93424,-2.34012
5.93425,-2.34012
5.93425,-2.34013
5.93425,-2.34014
5.93425,-2.34014
5.93425,-2.34015
5.93425,-2.34016
5.93425,-2.34017
5.93425,-2.34018
5.93425,-2.34019
5.93424,-2.3402
5.93424,-2.3402
5.93423,-2.34022
5.93421,-2.34023
5.93419,-2.34025
5.93416,-2.34027
5.93413,-2.34029
5.93409,-2.34031
5.93407,-2.34032
5.93406,-2.34033
5.93405,-2.34034
5.93406,-2.34034
5.93408,-2.34034
5.93412,-2.34033
5.93418,-2.34032
5.93424,-2.34031
5.93431,-2.34029
5.93438,-2.34028
5.93444,-2.34027
5.93449,-2.34026
5.93451,-2.34026
5.93453,-2.34027
5.93452,-2.34027
5.93451,-2.34028
5.93448,-2.34029
5.93445,-2.34031
5.9344,-2.34032
5.93436,-2.34034
5.93431,-2.34035
5.93427,-2.34036
5.93425,-2.34037
5.93424,-2.34037
5.93423,-2.34038
5.93423,-2.34038
5.93423,-2.34039
5.93423,-2.34039
5.93424,-2.34039
5.93425,-2.34039
5.93426,-2.3404
5.93427,-2.3404
5.93428,-2.3404
5.93427,-2.34041
5.93426,-2.34041
5.93425,-2.34042
5.93424,-2.34042
5.93423,-2.34042
5.93421,-2.34043
5.9342,-2.34043
5.93419,-2.34043
5.93418,-2.34044
5.93416,-2.34044
5.93415,-2.34044
5.93415,-2.34044
5.93414,-2.34045
5.93413,-2.34045
5.93413,-2.34045
5.93414,-2.34045
5.93415,-2.34046
5.93415,-2.34046
5.93416,-2.34047
5.93418,-2.34047
5.93421,-2.34048
5.93424,-2.34049
5.93427,-2.3405
5.9343,-2.34051
5.93433,-2.34052
5.93436,-2.34052
5.93437,-2.34053
5.93438,-2.34054
5.93439,-2.34054
5.9344,-2.34055
5.93439,-2.34055
5.93438,-2.34055
5.93437,-2.34055
5.93437,-2.34055
5.93436,-2.34055
5.93435,-2.34055
5.93433,-2.34055
5.93432,-2.34054
5.93429,-2.34054
5.93426,-2.34053
5.93423,-2.34052
5.9342,-2.34051
5.93418,-2.3405
5.93414,-2.34049
5.93412,-2.34048
5.93412,-2.34048
5.93413,-2.34049
5.93415,-2.3405
5.93418,-2.34051
5.93423,-2.34053
5.93428,-2.34056
5.93433,-2.34059
5.93438,-2.34062
5.93442,-2.34064
5.93445,-2.34066
5.93446,-2.34066
5.93446,-2.34067
5.93445,-2.34067
5.93444,-2.34066
5.93442,-2.34065
5.93438,-2.34063
5.93436,-2.34062
5.93434,-2.34061
5.93432,-2.3406
5.93432,-2.3406
5.93431,-2.3406
5.93431,-2.3406
5.93432,-2.3406
5.93433,-2.34061
5.93435,-2.34062
5.93436,-2.34064
5.93438,-2.34065
5.93439,-2.34066
5.9344,-2.34066
5.9344,-2.34067
5.93439,-2.34066
5.93439,-2.34066
5.93439,-2.34066
5.93437,-2.34065
5.93436,-2.34064
5.93434,-2.34063
5.93434,-2.34063
5.93433,-2.34063
5.93433,-2.34063
5.93433,-2.34063
5.93433,-2.34063
5.93434,-2.34064
5.93435,-2.34064
5.93437,-2.34066
5.93443,-2.34071
5.93453,-2.34079
5.93468,-2.34092
5.93494,-2.34113
5.93535,-2.34147
5.93594,-2.34196
5.93677,-2.34265
5.93786,-2.34357
5.93928,-2.34478
5.94106,-2.34631
5.94322,-2.34818
5.9458,-2.35043
5.9488,-2.35307
5.95223,-2.3561
5.95607,-2.3595
5.96027,-2.36324
5.96484,-2.36733
5.96973,-2.37171
5.97492,-2.37638
5.9804,-2.38131
5.98614,-2.3865
5.99214,-2.39192
5.99839,-2.3976
6.0049,-2.40352
6.01166,-2.4097
6.01868,-2.41614
6.02601,-2.42289
6.03365,-2.42994
6.04162,-2.43731
6.04991,-2.44501
6.05853,-2.45301
6.06749,-2.46135
6.07677,-2.47001
6.08639,-2.479
6.0963,-2.48827
6.10654,-2.49786
6.11709,-2.50776
6.12792,-2.51795
6.13901,-2.52841
6.15038,-2.53914
6.16282,-2.55095
6.17479,-2.56234
6.18703,-2.57401
6.19958,-2.58602
6.21239,-2.59832
6.22545,-2.61089
6.23884,-2.62381
6.25254,-2.63707
6.26652,-2.65064
6.28077,-2.6645
6.29523,-2.6786
6.31002,-2.69304
6.32483,-2.70752
6.3399,-2.72227
6.35503,-2.7371
6.3702,-2.75198
6.3854,-2.7669
6.40102,-2.78223
6.41581,-2.79676
6.43089,-2.81159
6.44587,-2.82633
6.46088,-2.84113
6.47572,-2.85578
6.49056,-2.87046
6.50536,-2.88514
6.52013,-2.89983
6.53476,-2.91443
6.54954,-2.92922
6.56423,-2.94398
6.57905,-2.95891
6.59375,-2.97377
6.60852,-2.98875
6.62327,-3.00374
6.638,-3.01877
6.65275,-3.03385
6.6673,-3.04877
6.68203,-3.06391
6.69644,-3.07874
6.71089,-3.09365
6.72519,-3.10842
6.73947,-3.12318
6.75369,-3.1379
6.76802,-3.15273
6.78218,-3.16738
6.79636,-3.18206
6.81056,-3.19677
6.82475,-3.21146
6.83898,-3.22625
6.8532,-3.24103
6.86013,-3.24823
6.88142,-3.27046
6.89547,-3.28518
6.90934,-3.29977
6.92304,-3.31423
6.93648,-3.32847
6.94967,-3.34249
6.96265,-3.35632
6.97518,-3.3697
6.98744,-3.38281
6.99932,-3.39553
7.01078,-3.40782
7.02192,-3.4198
7.03268,-3.43139
7.04317,-3.44273
7.05327,-3.45367
7.06314,-3.46439
7.07272,-3.47481
7.08202,-3.48496
7.09105,-3.49483
7.09983,-3.50444
7.10833,-3.51376
7.11665,-3.52288
7.12465,-3.53167
7.13239,-3.54017
7.13988,-3.54842
7.1471,-3.55639
7.15411,-3.56414
7.15676,-3.56707
7.16746,-3.57894
7.17382,-3.58602
7.17999,-3.59291
7.18595,-3.59957
7.19176,-3.60608
7.1973,-3.61229
7.2027,-3.61837
7.20794,-3.62428
7.21298,-3.62999
7.21786,-3.63552
7.2226,-3.64091
7.22716,-3.64611
7.23157,-3.65114
7.23585,-3.65605
7.23996,-3.66076
7.24397,-3.66538
7.24786,-3.66986
7.25164,-3.67423
7.25527,-3.67844
7.2588,-3.68253
7.26222,-3.68652
7.26556,-3.69042
7.26686,-3.69194
7.27181,-3.69775
7.27485,-3.70133
7.27773,-3.70474
7.28053,-3.70805
7.28324,-3.71128
7.28586,-3.7144
7.28727,-3.71609
7.29083,-3.72035
7.2932,-3.72319
7.29548,-3.72593
7.29642,-3.72707
7.29861,-3.72971
7.30072,-3.73227
7.30277,-3.73475
7.30586,-3.73852
7.30666,-3.7395
7.30853,-3.74179
7.31033,-3.74402
7.31207,-3.74617
7.31376,-3.74826
7.31538,-3.75029
7.31695,-3.75225
7.31846,-3.75416
7.31992,-3.75601
7.32133,-3.75779
7.32267,-3.75949
7.32397,-3.76115
7.32523,-3.76277
7.32644,-3.76432
7.32761,-3.76584
7.32875,-3.7673
7.32984,-3.76872
7.33089,-3.77009
7.33191,-3.77143
7.3329,-3.77272
7.33387,-3.77401
7.33477,-3.77521
7.33566,-3.77638
7.33652,-3.77754
7.33735,-3.77866
7.33816,-3.77975
7.33894,-3.7808
7.33969,-3.78183
7.34042,-3.78283
7.34112,-3.7838
7.3418,-3.78474
7.34246,-3.78565
7.34309,-3.78654
7.34371,-3.78741
7.3443,-3.78825
7.34487,-3.78907
7.34542,-3.78986
7.34595,-3.79063
7.34647,-3.79138
7.34696,-3.7921
7.34743,-3.7928
7.34788,-3.79346
7.34831,-3.79408
7.34871,-3.79468
7.34909,-3.79525
7.34946,-3.79578
7.34981,-3.7963
7.35016,-3.7968
7.3505,-3.79728
7.35082,-3.79775
7.35114,-3.7982
7.35146,-3.79865
7.35178,-3.7991
7.3521,-3.79954
7.35241,-3.79997
7.35273,-3.8004
7.35304,-3.80082
7.35333,-3.80122
7.35362,-3.8016
7.3539,-3.80197
7.35417,-3.80233
7.35443,-3.80268
7.35469,-3.80302
7.35494,-3.80334
7.35518,-3.80365
7.35541,-3.80395
7.35564,-3.80424
7.35586,-3.80452
7.35607,-3.80479
7.35628,-3.80505
7.35647,-3.80529
7.35665,-3.80552
7.35683,-3.80574
7.35701,-3.80595
7.35717,-3.80616
7.35734,-3.80636
7.3575,-3.80655
7.35765,-3.80673
7.35778,-3.80689
7.3579,-3.80702
7.35799,-3.80713
7.35805,-3.8072
7.35808,-3.80723
7.35809,-3.80723
7.35805,-3.80719
7.35799,-3.80711
7.3579,-3.80699
7.35778,-3.80685
7.35765,-3.80668
7.35751,-3.8065
7.35736,-3.80632
7.3572,-3.80613
7.35705,-3.80594
7.3569,-3.80576
7.35675,-3.80557
7.35661,-3.80539
7.35646,-3.80521
7.35632,-3.80503
7.35617,-3.80486
7.35603,-3.80469
7.35589,-3.80451
7.35576,-3.80435
7.35562,-3.80418
7.35549,-3.80402
7.35536,-3.80385
7.35523,-3.80369
7.3551,-3.80353
7.35498,-3.80338
7.35485,-3.80323
7.35473,-3.80308
7.35461,-3.80293
7.35449,-3.80279
7.35438,-3.80264
7.35426,-3.8025
7.35415,-3.80236
7.35404,-3.80222
7.35393,-3.80209
7.35382,-3.80196
7.35372,-3.80182
7.35361,-3.8017
7.35351,-3.80157
7.35341,-3.80144
7.35331,-3.80132
7.35321,-3.8012
7.35311,-3.80108
7.35302,-3.80096
7.35292,-3.80085
7.35283,-3.80073
7.35274,-3.80062
7.35265,-3.80051
7.35256,-3.8004
7.35248,-3.80029
7.35239,-3.80019
7.35231,-3.80008
7.35222,-3.79998
7.35214,-3.79988
7.35206,-3.79978
7.35198,-3.79968
7.3519,-3.79959
7.35183,-3.79949
7.35175,-3.7994
7.35168,-3.79931
7.3516,-3.79922
7.35153,-3.79913
7.35146,-3.79904
7.35139,-3.79896
7.35132,-3.79887
7.35125,-3.79879
7.35119,-3.79871
7.35112,-3.79863
7.35106,-3.79855
7.35099,-3.79847
7.35093,-3.79839
7.35087,-3.79831
7.35081,-3.79824
7.35075,-3.79816
7.35069,-3.79809
7.35063,-3.79802
7.35058,-3.79795
7.35052,-3.79788
7.35046,-3.79781
7.35041,-3.79774
7.35035,-3.79768
7.3503,-3.79761
7.35025,-3.79755
7.3502,-3.79749
7.35015,-3.79742
7.3501,-3.79736
7.35005,-3.7973
7.35,-3.79724
7.34995,-3.79718
7.34991,-3.79713
7.34986,-3.79707
7.34982,-3.79701
7.34977,-3.79696
7.34973,-3.79691
7.34969,-3.79685
7.34964,-3.7968
7.3496,-3.79675
7.34956,-3.7967
7.34952,-3.79665
7.34948,-3.7966
7.34944,-3.79655
7.3494,-3.7965
7.34936,-3.79645
7.34933,-3.79641
7.34929,-3.79636
7.34925,-3.79632
7.34922,-3.79627
7.34918,-3.79623
7.34915,-3.79619
7.34911,-3.79614
7.34908,-3.7961
7.34904,-3.79606
7.34901,-3.79602
7.34898,-3.79598
7.34895,-3.79594
7.34892,-3.7959
7.34889,-3.79586
7.34886,-3.79583
7.34883,-3.79579
7.3488,-3.79575
7.34877,-3.79572
7.34874,-3.79568
7.34871,-3.79565
7.34868,-3.79561
7.34866,-3.79558
7.34863,-3.79555
7.3486,-3.79551
7.34858,-3.79548
7.34855,-3.79545
7.34852,-3.79542
7.3485,-3.79539
7.34848,-3.79536
7.34845,-3.79533
7.34843,-3.7953
7.3484,-3.79527
7.34838,-3.79524
7.34836,-3.79521
7.34834,-3.79519
7.34831,-3.79516
7.34829,-3.79513
7.34827,-3.7951
7.34825,-3.79508
7.34823,-3.79505
7.34821,-3.79503
7.34819,-3.795
7.34817,-3.79498
7.34815,-3.79495
7.34813,-3.79493
7.34811,-3.79491
7.34809,-3.79488
7.34807,-3.79486
7.34806,-3.79484
7.34804,-3.79482
7.34803,-3.79481
7.34802,-3.7948
7.348,-3.79477
7.34799,-3.79475
7.34797,-3.79473
7.34795,-3.7947
7.34792,-3.79468
7.3479,-3.79465
7.34788,-3.79462
7.34786,-3.79459
7.34783,-3.79456
7.34782,-3.79454
7.34782,-3.79454
7.34783,-3.79456
7.34785,-3.79458
7.34787,-3.79461
7.34789,-3.79464
7.34791,-3.79467
7.34793,-3.7947
7.34794,-3.79473
7.34795,-3.79475
7.34796,-3.79476
7.34795,-3.79476
7.34793,-3.79474
7.34791,-3.7947
7.34788,-3.79465
7.34785,-3.79461
7.34782,-3.79457
7.34779,-3.79453
7.34777,-3.79449
7.34776,-3.79447
7.34774,-3.79444
7.34773,-3.79443
7.34773,-3.79443
7.34773,-3.79444
7.34773,-3.79445
7.34774,-3.79447
7.34774,-3.79448
7.34774,-3.7945
7.34774,-3.7945
7.34773,-3.7945
7.34772,-3.79448
7.34771,-3.79446
7.34769,-3.79443
7.34767,-3.7944
7.34765,-3.79436
7.34764,-3.79432
7.34762,-3.79428
7.34761,-3.79425
7.34759,-3.79421
7.34758,-3.79419
7.34758,-3.79419
7.34757,-3.79418
7.34756,-3.79418
7.34756,-3.79418
7.34756,-3.79419
7.34755,-3.79419
7.34755,-3.79419
7.34754,-3.79419
7.34754,-3.7942
7.34753,-3.79419
7.34752,-3.79417
7.34751,-3.79416
7.3475,-3.79414
7.3475,-3.79413
7.34749,-3.7941
7.34748,-3.79408
7.34747,-3.79407
7.34747,-3.79405
7.34746,-3.79403
7.34745,-3.79402
7.34745,-3.79401
7.34744,-3.79401
7.34744,-3.79401
7.34743,-3.79401
7.34743,-3.79401
7.34742,-3.79401
7.34742,-3.79401
7.34741,-3.79401
7.3474,-3.794
7.3474,-3.79399
7.34739,-3.79398
7.34739,-3.79397
7.34738,-3.79395
7.34738,-3.79393
7.34738,-3.79392
7.34737,-3.7939
7.34737,-3.79389
7.34736,-3.79388
7.34736,-3.79388
7.34735,-3.79388
7.34735,-3.79388
7.34734,-3.79388
7.34734,-3.79389
7.34733,-3.79389
7.34732,-3.79389
7.34732,-3.79389
7.34731,-3.79389
7.34731,-3.7939
7.3473,-3.79389
7.3473,-3.79388
7.3473,-3.79387
7.3473,-3.79386
7.34729,-3.79384
7.34729,-3.79383
7.34729,-3.79383
7.34728,-3.79383
7.34728,-3.79383
7.34728,-3.79382
7.34728,-3.79381
7.34727,-3.7938
7.34727,-3.7938
7.34726,-3.7938
7.34726,-3.7938
7.34725,-3.7938
7.34725,-3.79379
7.34725,-3.79378
7.34725,-3.79377
7.34725,-3.79376
7.34725,-3.79375
7.34725,-3.79375
7.34725,-3.79374
7.34725,-3.79373
7.34725,-3.79372
7.34725,-3.79371
7.34725,-3.7937
7.34724,-3.7937
7.34724,-3.7937
7.34724,-3.7937
7.34723,-3.7937
7.34723,-3.7937
7.34722,-3.7937
7.34722,-3.7937
7.34721,-3.7937
7.34721,-3.7937
7.34721,-3.7937
7.3472,-3.7937
7.3472,-3.7937
7.3472,-3.79369
7.3472,-3.79368
7.3472,-3.79367
7.34721,-3.79365
7.34722,-3.79363
7.34724,-3.79361
7.34725,-3.79359
7.34726,-3.79358
7.34727,-3.79356
7.34728,-3.79354
7.34728,-3.79354
7.34728,-3.79354
7.34726,-3.79355
7.34724,-3.79356
7.34721,-3.79359
7.34718,-3.79362
7.34715,-3.79365
7.34712,-3.79367
7.34709,-3.79369
7.34707,-3.79371
7.34706,-3.79372
7.34706,-3.79371
7.34708,-3.79369
7.34711,-3.79366
7.34715,-3.79362
7.3472,-3.79358
7.34725,-3.79353
7.3473,-3.79349
7.34735,-3.79345
7.34739,-3.79342
7.34741,-3.7934
7.34744,-3.79338
7.34744,-3.79338
7.34742,-3.79339
7.34738,-3.79341
7.34733,-3.79344
7.34727,-3.79348
7.34719,-3.79353
7.34712,-3.79357
7.34706,-3.79361
7.347,-3.79364
7.34695,-3.79366
7.34692,-3.79368
7.34691,-3.79368
7.34692,-3.79366
7.34695,-3.79365
7.34698,-3.79363
7.34703,-3.7936
7.34709,-3.79357
7.34713,-3.79355
7.34716,-3.79353
7.34718,-3.79352
7.34719,-3.79352
7.34719,-3.79352
7.34717,-3.79352
7.34715,-3.79353
7.34713,-3.79354
7.34711,-3.79354
7.34708,-3.79355
7.34706,-3.79356
7.34706,-3.79356
7.34706,-3.79356
7.34706,-3.79355
7.34707,-3.79355
7.34708,-3.79355
7.34709,-3.79354
7.3471,-3.79354
7.34711,-3.79353
7.34711,-3.79353
7.34711,-3.79353
7.34712,-3.79353
7.34712,-3.79352
7.34711,-3.79352
7.34712,-3.79352
7.34712,-3.79352
7.34712,-3.79352
7.34713,-3.79352
7.34713,-3.79351
7.34714,-3.79351
7.34715,-3.79351
7.34715,-3.79351
7.34716,-3.7935
7.34717,-3.7935
7.34717,-3.7935
7.34718,-3.7935
7.34718,-3.7935
7.34718,-3.7935
7.34718,-3.79349
7.34718,-3.79349
7.34718,-3.79349
7.34718,-3.79349
7.34719,-3.79349
7.3472,-3.79349
7.3472,-3.79348
7.34721,-3.79348
7.34721,-3.79348
7.34715,-3.79349
7.34704,-3.79351
7.34683,-3.79354
7.34648,-3.79359
7.34593,-3.79367
7.34512,-3.79379
7.34396,-3.79395
7.34243,-3.79416
7.34048,-3.79442
7.33803,-3.79474
7.33509,-3.79512
7.33162,-3.79555
7.32761,-3.79605
7.32308,-3.7966
7.31801,-3.79722
7.31247,-3.79788
7.30643,-3.79861
7.29995,-3.79938
7.29304,-3.8002
7.28574,-3.80106
7.27806,-3.80196
7.26996,-3.80289
7.26152,-3.80386
7.25267,-3.80486
7.24345,-3.80589
7.23381,-3.80695
7.22765,-3.80763
7.21742,-3.80873
7.2067,-3.80987
7.19561,-3.81104
7.18406,-3.81225
7.17206,-3.81349
7.15964,-3.81477
7.14673,-3.81608
7.13343,-3.81741
7.11973,-3.81876
7.10554,-3.82014
7.09096,-3.82152
7.07594,-3.82292
7.06053,-3.82432
7.04464,-3.82572
7.02837,-3.82711
7.01163,-3.82849
6.99456,-3.82986
6.97707,-3.8312
6.95911,-3.83253
6.94071,-3.83385
6.92204,-3.83513
6.90284,-3.8364
6.88319,-3.83765
6.8633,-3.83889
6.84301,-3.84012
6.82235,-3.84134
6.80153,-3.84257
6.78046,-3.8438
6.75936,-3.84504
6.73824,-3.84628
6.71736,-3.84753
6.69656,-3.84878
6.67616,-3.85001
6.65602,-3.85122
6.63622,-3.85238
6.61694,-3.85347
6.59796,-3.8545
6.57953,-3.85545
6.56158,-3.85632
6.54399,-3.85711
6.52682,-3.85782
6.51008,-3.85848
6.49374,-3.85908
6.47786,-3.85963
6.46248,-3.86014
6.4474,-3.86062
6.43281,-3.86105
6.41867,-3.86144
6.40494,-3.8618
6.39159,-3.86213
6.37868,-3.86243
6.36611,-3.86269
6.35389,-3.86293
6.34201,-3.86315
6.33047,-3.86333
6.31935,-3.8635
6.30852,-3.86364
6.29801,-3.86377
6.28782,-3.86387
6.2779,-3.86396
6.26836,-3.86402
6.25904,-3.86407
6.25,-3.86411
6.24127,-3.86414
6.23281,-3.86415
6.22465,-3.86416
6.21668,-3.86415
6.20892,-3.86414
6.20143,-3.86411
6.19403,-3.86408
6.18707,-3.86404
6.18019,-3.864
6.17355,-3.86395
6.16708,-3.86389
6.1608,-3.86382
6.15472,-3.86375
6.14882,-3.86367
6.14309,-3.86359
6.13756,-3.86349
6.13212,-3.86338
6.12691,-3.86327
6.12186,-3.86315
6.11695,-3.86302
6.11217,-3.86289
6.10754,-3.86275
6.10303,-3.8626
6.09865,-3.86245
6.09438,-3.86229
6.09022,-3.86213
6.08625,-3.86197
6.08234,-3.86181
6.07855,-3.86164
6.07488,-3.86147
6.0713,-3.86129
6.06783,-3.86112
6.06445,-3.86094
6.06118,-3.86075
6.05802,-3.86057
6.05494,-3.86038
6.05196,-3.86019
6.04905,-3.86
6.04625,-3.8598
6.04352,-3.8596
6.04086,-3.8594
6.03796,-3.85917
6.03581,-3.859
6.03339,-3.8588
6.03105,-3.8586
6.02876,-3.8584
6.02655,-3.8582
6.02441,-3.858
6.02234,-3.8578
6.02009,-3.85758
6.01837,-3.85741
6.01647,-3.85721
6.01463,-3.85702
6.01284,-3.85682
6.01109,-3.85662
6.00939,-3.85642
6.00773,-3.85623
6.00615,-3.85603
6.0046,-3.85584
6.00311,-3.85565
6.00166,-3.85545
6.00025,-3.85526
5.9989,-3.85508
5.99758,-3.85489
5.99631,-3.85471
5.99508,-3.85452
5.99389,-3.85434
5.99272,-3.85416
5.99159,-3.85398
5.9905,-3.8538
5.98949,-3.85363
5.98857,-3.85348
5.98777,-3.85333
5.9871,-3.85322
5.9866,-3.85312
5.98624,-3.85306
5.98602,-3.85302
5.98593,-3.853
5.98599,-3.853
5.98618,-3.85303
5.98647,-3.85308
5.98685,-3.85315
5.98731,-3.85324
5.98781,-3.85334
5.9883,-3.85345
5.98878,-3.85355
5.98923,-3.85366
5.98966,-3.85376
5.99004,-3.85386
5.99039,-3.85396
5.9907,-3.85404
5.99097,-3.85411
5.99119,-3.85417
5.99136,-3.85422
5.99153,-3.85426
5.9917,-3.85429
5.99189,-3.85434
5.99211,-3.85439
5.99238,-3.85445
5.99267,-3.85454
5.99299,-3.85463
5.99332,-3.85472
5.99366,-3.85483
5.99399,-3.85493
5.99432,-3.85503
5.99465,-3.85514
5.99495,-3.85523
5.99522,-3.85531
5.99546,-3.85538
5.99568,-3.85544
5.99587,-3.85549
5.99605,-3.85552
5.99623,-3.85555
5.9964,-3.85558
5.99657,-3.85562
5.99676,-3.85565
5.99696,-3.8557
5.99717,-3.85575
5.99738,-3.85581
5.9976,-3.85587
5.99783,-3.85594
5.99806,-3.85602
5.99829,-3.85609
5.99852,-3.85616
5.99871,-3.85622
5.99891,-3.85627
5.9991,-3.85632
5.99927,-3.85636
5.99947,-3.85642
5.9996,-3.85643
5.99976,-3.85647
5.99992,-3.85649
6.00008,-3.85653
6.00024,-3.85656
6.0004,-3.8566
6.00057,-3.85665
6.00074,-3.8567
6.00092,-3.85676
6.0011,-3.85681
6.00126,-3.85687
6.00142,-3.85691
6.00158,-3.85695
6.00173,-3.857
6.00187,-3.85703
6.002,-3.85705
6.00214,-3.85709
6.00226,-3.8571
6.00238,-3.85711
6.0025,-3.85712
6.00262,-3.85714
6.00274,-3.85715
6.00286,-3.85717
6.00297,-3.85719
6.0031,-3.85721
6.00322,-3.85724
6.00334,-3.85726
6.00346,-3.85729
6.00358,-3.85732
6.00369,-3.85734
6.00381,-3.85737
6.00392,-3.8574
6.00403,-3.85743
6.00415,-3.85746
6.00426,-3.85748
6.00436,-3.85751
6.00446,-3.85753
6.00457,-3.85755
6.00467,-3.85757
6.00476,-3.85759
6.00486,-3.85761
6.00496,-3.85763
6.00505,-3.85765
6.00515,-3.85768
6.00525,-3.8577
6.00534,-3.85772
6.00543,-3.85774
6.00552,-3.85776
6.0056,-3.85778
6.00569,-3.8578
6.00577,-3.85781
6.00585,-3.85782
6.00593,-3.85782
6.00601,-3.85783
6.00608,-3.85784
6.00616,-3.85784
6.00624,-3.85785
6.00631,-3.85787
6.00639,-3.85788
6.00646,-3.8579
6.00653,-3.85791
6.00661,-3.85792
6.00668,-3.85793
6.00675,-3.85794
6.00681,-3.85795
6.00688,-3.85796
6.00694,-3.85796
6.00701,-3.85797
6.00707,-3.85797
6.00714,-3.85798
6.0072,-3.85799
6.00726,-3.85801
6.00732,-3.85802
6.00738,-3.85803
6.00744,-3.85803
6.0075,-3.85804
6.00756,-3.85805
6.00761,-3.85805
6.00767,-3.85805
6.00772,-3.85806
6.00778,-3.85807
6.00783,-3.85809
6.00789,-3.8581
6.00794,-3.85812
6.00799,-3.85813
6.00804,-3.85815
6.00809,-3.85816
6.00814,-3.85817
6.00819,-3.85817
6.00823,-3.85817
6.00828,-3.85817
6.00833,-3.85816
6.00838,-3.85814
6.00842,-3.85813
6.00847,-3.85813
6.00851,-3.85813
6.00855,-3.85813
6.0086,-3.85813
6.00864,-3.85814
6.00868,-3.85814
6.00872,-3.85815
6.00876,-3.85816
6.0088,-3.85817
6.00884,-3.85818
6.00888,-3.85818
6.00892,-3.85819
6.00895,-3.85819
6.00899,-3.85819
6.00903,-3.85818
6.00907,-3.85818
6.0091,-3.85817
6.00914,-3.85816
6.00918,-3.85815
6.00922,-3.85815
6.00925,-3.85815
6.00929,-3.85814
6.00932,-3.85814
6.00935,-3.85814
6.00939,-3.85815
6.00942,-3.85815
6.00945,-3.85816
6.00947,-3.85817
6.0095,-3.85818
6.00953,-3.85818
6.00957,-3.85817
6.00959,-3.85817
6.00962,-3.85817
6.00966,-3.85816
6.00969,-3.85815
6.00972,-3.85815
6.00975,-3.85814
6.00978,-3.85814
6.00981,-3.85813
6.00983,-3.85814
6.00985,-3.85815
6.00988,-3.85816
6.0099,-3.85817
6.00992,-3.85818
6.00994,-3.8582
6.00995,-3.85821
6.00997,-3.85822
6.00999,-3.85824
6.01,-3.85825
6.01002,-3.85826
6.01004,-3.85827
6.01007,-3.85826
6.01009,-3.85826
6.01012,-3.85826
6.01014,-3.85825
6.01017,-3.85824
6.01019,-3.85824
6.01022,-3.85823
6.01024,-3.85822
6.01026,-3.85823
6.01028,-3.85823
6.0103,-3.85824
6.01031,-3.85824
6.01033,-3.85825
6.01034,-3.85825
6.01036,-3.85826
6.01038,-3.85825
6.0104,-3.85825
6.01042,-3.85824
6.01045,-3.85824
6.01047,-3.85822
6.01049,-3.85823
6.01049,-3.85825
6.01047,-3.85831
6.01041,-3.85842
6.01032,-3.85858
6.01021,-3.85876
6.01002,-3.85907
6.00981,-3.8594
6.00955,-3.85978
6.00926,-3.86022
6.00894,-3.8607
6.00859,-3.8612
6.00824,-3.86172
6.00787,-3.86225
6.00751,-3.86276
6.00716,-3.86327
6.0068,-3.86377
6.00646,-3.86427
6.00612,-3.86475
6.00578,-3.86522
6.00545,-3.86568
6.00512,-3.86614
6.0048,-3.86659
6.00448,-3.86704
6.00416,-3.86748
6.00385,-3.86792
6.00354,-3.86834
6.00323,-3.86876
6.00293,-3.86918
6.00264,-3.86958
6.00252,-3.86975
6.00207,-3.87035
6.00178,-3.87076
6.00151,-3.87112
6.00126,-3.87146
6.00102,-3.87179
6.0008,-3.87209
6.0006,-3.87237
6.00043,-3.87261
6.00029,-3.87281
6.00017,-3.87298
6.00009,-3.87311
6.00002,-3.87321
5.99999,-3.87328
5.99997,-3.87332
5.99997,-3.87334
5.99998,-3.87335
6,-3.87334
6.00002,-3.87334
6.00004,-3.87333
6.00007,-3.87332
6.00009,-3.87332
6.00011,-3.87331
6.00013,-3.8733
6.00015,-3.87329
6.00017,-3.87329
6.00019,-3.87328
6.00021,-3.87326
6.00022,-3.87326
6.00024,-3.87326
6.00026,-3.87325
6.00029,-3.87323
6.00036,-3.87316
6.00046,-3.87304
6.00064,-3.87283
6.00093,-3.87248
6.00136,-3.87194
6.00199,-3.87116
6.00286,-3.87008
6.00401,-3.86863
6.0055,-3.86678
6.00734,-3.8645
6.00955,-3.86175
6.01214,-3.85854
6.01511,-3.85488
6.01845,-3.85078
6.02211,-3.84628
6.02608,-3.84142
6.0303,-3.83626
6.03478,-3.83079
6.03947,-3.82508
6.0444,-3.81907
6.04951,-3.81286
6.05486,-3.80637
6.06044,-3.79961
6.06627,-3.79256
6.07238,-3.7852
6.07876,-3.77751
6.08544,-3.76948
6.09244,-3.76107
6.09977,-3.7523
6.10737,-3.7432
6.11531,-3.7337
6.12351,-3.72389
6.13198,-3.71375
6.14072,-3.70327
6.14976,-3.69241
6.15891,-3.68138
6.16837,-3.66996
6.17803,-3.65825
6.18789,-3.64628
6.19804,-3.63392
6.20844,-3.62122
6.2191,-3.60819
6.23001,-3.59484
6.23629,-3.58706
6.25269,-3.56706
6.26443,-3.55266
6.27647,-3.53791
6.28881,-3.52283
6.30146,-3.50739
6.3143,-3.49178
6.32743,-3.47587
6.34074,-3.4598
6.35429,-3.44354
6.36797,-3.4272
6.38179,-3.41078
6.3956,-3.39446
6.40948,-3.37812
6.42334,-3.36183
6.43719,-3.34557
6.45096,-3.32939
6.46465,-3.31328
6.4782,-3.29727
6.49166,-3.2813
6.50506,-3.26532
6.51836,-3.24938
6.52498,-3.24121
6.54478,-3.21743
6.55798,-3.20136
6.57113,-3.18528
6.58432,-3.16913
6.59752,-3.15296
6.61079,-3.13672
6.62399,-3.12061
6.63726,-3.10447
6.65061,-3.08833
6.66396,-3.07227
6.67736,-3.05627
6.68386,-3.04833
6.69732,-3.0324
6.71073,-3.01662
6.72419,-3.00086
6.74462,-2.97728
6.75109,-2.96952
6.76456,-2.95386
6.77799,-2.93824
6.79139,-2.92262
6.80474,-2.90701
6.81805,-2.89139
6.83128,-2.87578
6.84447,-2.86014
6.85745,-2.84468
6.87034,-2.82925
6.88304,-2.81398
6.89549,-2.79896
6.90779,-2.78411
6.91983,-2.76956
6.93155,-2.75543
6.94305,-2.74157
6.95426,-2.7281
6.96518,-2.71502
6.97579,-2.70235
6.9861,-2.69006
6.99619,-2.67807
7.006,-2.66644
7.01557,-2.65512
7.02486,-2.64414
7.03387,-2.6335
7.04265,-2.62316
7.0512,-2.61308
7.05951,-2.60328
7.06759,-2.59375
7.0754,-2.58453
7.08295,-2.57561
7.0903,-2.56693
7.09739,-2.55854
7.10425,-2.5504
7.1109,-2.54251
7.11733,-2.53488
7.12356,-2.52747
7.12957,-2.52031
7.13539,-2.51336
7.14108,-2.50657
7.14656,-2.50001
7.15184,-2.49366
7.15699,-2.48748
7.16198,-2.4815
7.1668,-2.47569
7.1715,-2.47004
7.17606,-2.46454
7.18046,-2.45925
7.18474,-2.45407
7.18888,-2.44907
7.1929,-2.4442
7.19679,-2.43949
7.20053,-2.43494
7.20419,-2.4305
7.20772,-2.4262
7.21112,-2.42203
7.21472,-2.41766
7.21763,-2.41405
7.22073,-2.41024
7.22372,-2.40655
7.22663,-2.40295
7.22943,-2.39947
7.23215,-2.39609
7.23478,-2.3928
7.23734,-2.38959
7.2398,-2.3865
7.24218,-2.3835
7.24448,-2.38059
7.24673,-2.37774
7.24888,-2.37501
7.25097,-2.37235
7.2531,-2.36965
7.25494,-2.36728
7.25684,-2.36485
7.25868,-2.36249
7.26048,-2.36019
7.2622,-2.35797
7.26389,-2.3558
7.26552,-2.35369
7.26711,-2.35164
7.26865,-2.34965
7.27012,-2.34773
7.27156,-2.34586
7.27296,-2.34404
7.2743,-2.34228
7.27561,-2.34058
7.27687,-2.33892
7.2781,-2.3373
7.27929,-2.33573
7.28043,-2.33422
7.28154,-2.33275
7.28262,-2.33131
7.28366,-2.32992
7.28466,-2.32858
7.28563,-2.32727
7.28658,-2.326
7.28749,-2.32477
7.28835,-2.3236
7.2892,-2.32244
7.29002,-2.32132
7.29081,-2.32023
7.29158,-2.31918
7.29232,-2.31816
7.29304,-2.31717
7.29373,-2.31621
7.2944,-2.31527
7.29505,-2.31436
7.29568,-2.31348
7.29628,-2.31263
7.29686,-2.31181
7.29742,-2.31101
7.29795,-2.31025
7.29843,-2.30954
7.29886,-2.30888
7.2992,-2.30833
7.29944,-2.30787
7.29959,-2.30751
7.29964,-2.30725
7.2996,-2.3071
7.29946,-2.30704
7.29924,-2.30707
7.29895,-2.30718
7.2986,-2.30736
7.29821,-2.30757
7.29782,-2.30781
7.2974,-2.30807
7.29698,-2.30835
7.29655,-2.30863
7.29615,-2.3089
7.29576,-2.30915
7.29538,-2.3094
7.29501,-2.30964
7.29465,-2.30987
7.29431,-2.31008
7.29398,-2.31028
7.29368,-2.31045
7.2934,-2.3106
7.29316,-2.3107
7.29295,-2.31076
7.29278,-2.31079
7.29265,-2.31076
7.29239,-2.31109
7.29247,-2.31081
7.29259,-2.31047
7.29277,-2.31006
7.29301,-2.30957
7.2933,-2.30901
7.29362,-2.30841
7.29396,-2.30777
7.29432,-2.30712
7.29468,-2.30645
7.29503,-2.30579
7.29537,-2.30515
7.29569,-2.30453
7.29598,-2.30395
7.29624,-2.30341
7.29648,-2.30289
7.29671,-2.30239
7.29692,-2.30191
7.29712,-2.30144
7.29732,-2.30098
7.29751,-2.30053
7.2977,-2.30008
7.29789,-2.29962
7.29808,-2.29917
7.29827,-2.29873
7.29845,-2.29829
7.29863,-2.29787
7.29879,-2.29745
7.29895,-2.29705
7.2991,-2.29666
7.29923,-2.29631
7.29933,-2.29599
7.2994,-2.29571
7.29944,-2.29548
7.29946,-2.29529
7.29944,-2.29515
7.29939,-2.29505
7.29931,-2.295
7.29921,-2.29499
7.29908,-2.29501
7.29893,-2.29507
7.29877,-2.29514
7.29861,-2.29523
7.29844,-2.29532
7.29827,-2.29542
7.29809,-2.29552
7.29793,-2.2956
7.29777,-2.2957
7.2976,-2.29579
7.29744,-2.29588
7.29728,-2.29597
7.29713,-2.29606
7.29697,-2.29615
7.29682,-2.29623
7.29667,-2.29632
7.29652,-2.2964
7.29638,-2.29649
7.29623,-2.29657
7.29609,-2.29665
7.29595,-2.29673
7.29581,-2.29681
7.29568,-2.29689
7.29555,-2.29696
7.29541,-2.29704
7.29528,-2.29711
7.29516,-2.29719
7.29503,-2.29726
7.2949,-2.29733
7.29478,-2.2974
7.29466,-2.29747
7.29454,-2.29754
7.29443,-2.2976
7.29431,-2.29767
7.2942,-2.29773
7.29409,-2.29779
7.29398,-2.29786
7.29387,-2.29792
7.29376,-2.29798
7.29366,-2.29804
7.29355,-2.2981
7.29345,-2.29815
7.29335,-2.29821
7.29325,-2.29827
7.29315,-2.29832
7.29306,-2.29838
7.29296,-2.29843
7.29287,-2.29848
7.29278,-2.29853
7.29269,-2.29858
7.2926,-2.29863
7.29251,-2.29868
7.29242,-2.29873
7.29234,-2.29878
7.29225,-2.29882
7.29217,-2.29887
7.29209,-2.29892
7.29201,-2.29896
7.29193,-2.299
7.29185,-2.29905
7.29178,-2.29909
7.2917,-2.29913
7.29163,-2.29917
7.29155,-2.29921
7.29148,-2.29925
7.29141,-2.29929
7.29134,-2.29933
7.29127,-2.29937
7.2912,-2.2994
7.29114,-2.29944
7.29107,-2.29948
7.29101,-2.29951
7.29094,-2.29955
7.29088,-2.29958
7.29082,-2.29962
7.29076,-2.29965
7.2907,-2.29968
7.29064,-2.29971
7.29058,-2.29975
7.29052,-2.29978
7.29046,-2.29981
7.29041,-2.29984
7.29035,-2.29987
7.2903,-2.2999
7.29024,-2.29993
7.29019,-2.29995
7.29014,-2.29998
7.29009,-2.30001
7.29004,-2.30004
7.28999,-2.30006
7.28994,-2.30009
7.28989,-2.30012
7.28984,-2.30014
7.2898,-2.30017
7.28975,-2.30019
7.28971,-2.30021
7.28966,-2.30024
7.28962,-2.30026
7.28957,-2.30028
7.28953,-2.30031
7.28949,-2.30033
7.28945,-2.30035
7.28941,-2.30037
7.28937,-2.3004
7.28933,-2.30042
7.28929,-2.30044
7.28925,-2.30046
7.28921,-2.30048
7.28917,-2.3005
7.28914,-2.30052
7.2891,-2.30054
7.28906,-2.30055
7.28903,-2.30057
7.28899,-2.30059
7.28896,-2.30061
7.28893,-2.30063
7.28889,-2.30064
7.28886,-2.30066
7.28883,-2.30068
7.2888,-2.3007
7.28877,-2.30071
7.28873,-2.30073
7.2887,-2.30074
7.28867,-2.30076
7.28864,-2.30077
7.28862,-2.30079
7.28859,-2.30081
7.28856,-2.30082
7.28853,-2.30083
7.2885,-2.30085
7.28848,-2.30086
7.28845,-2.30088
7.28842,-2.30089
7.2884,-2.3009
7.28837,-2.30092
7.28835,-2.30093
7.28832,-2.30094
7.2883,-2.30095
7.28828,-2.30096
7.28825,-2.30098
7.28823,-2.30099
